smiles,x,y
CC(C(=O)OCCCc1cccnc1)c2cccc(c2)C(=O)c3ccccc3,1.0622634887695312,0.2837923467159271
COc1ccc2cc(ccc2c1)C(C)C(=O)Oc3ccc(C)cc3OC,0.9304804801940918,0.5481114983558655
COc1ccc2cc(ccc2c1)C(C)C(=O)OCCCc3cccnc3,0.8125651478767395,0.9196974635124207
CC(C(=O)NCCS)c1cccc(c1)C(=O)c2ccccc2,1.0963330268859863,0.5486024618148804
FC(F)(F)c1ccc(OC2CCNCC2)cc1,0.915005087852478,1.0608466863632202
CC(C)Cc1ccc(cc1)C(C)C(=O)N2CCCC2C(=O)OCCCc3ccccc3,0.24615229666233063,0.9509544968605042
COc1ccc2c(c1)c(CC(=O)N3CCCC3C(=O)Oc4ccc(C)cc4OC)c(C)n2C(=O)c5ccc(Cl)cc5,0.4223530888557434,0.533622682094574
CC(C)Cc1ccc(cc1)C(C)C(=O)N2CCCC2C(=O)OCCO[N+](=O)[O-],0.35059109330177307,0.8864138126373291
CC(C)Cc1ccc(cc1)C(C)C(=O)N2CCCC2C(=O)OCCO,0.3259078860282898,0.9779717922210693
CN1CCC(CC1)Oc2ccc(cc2)C(F)(F)F,0.9157344102859497,1.080552577972412
COc1cc(C)ccc1OC(=O)C(C)c2ccc(CC(C)C)cc2,1.041155219078064,0.5883805751800537
CC(C)Cc1ccc(cc1)C(C)C(=O)OCCCc2cccnc2,0.18876609206199646,1.1317400932312012
COc1ccc(\C=N\NC(=N)N)c(Cl)c1OC,1.0747987031936646,0.2066531479358673
Nc1ncnc2c1c(Br)cn2[C@@H]3OC[C@@H](O)[C@H]3O,0.24735130369663239,0.17615757882595062
CNc1ncnc2c1c(I)cn2[C@@H]3O[C@H](C)[C@@H](O)[C@H]3O,0.08198069781064987,0.32172533869743347
CN1CCC(O)(CC1)c2ccccc2,0.7388185858726501,1.1903983354568481
OC(COc1ccccc1)CN2CCC(CC2)Oc3ccc(cc3)C(F)(F)F,0.9707302451133728,0.8986393213272095
OC(COc1ccc(Cl)cc1)CN2CCC(CC2)Oc3ccc(cc3)C(F)(F)F,0.932157576084137,0.9543754458427429
OC(COc1ccc(Br)cc1)CN2CCC(CC2)Oc3ccc(cc3)C(F)(F)F,1.0556135177612305,0.5697399973869324
COC(=O)c1ccccc1OCC(O)CN2CCC(CC2)Oc3ccc(cc3)C(F)(F)F,0.894012987613678,0.7998605966567993
CCC1(CC)CC(CCNC(=O)c2ccc(OC)cc2)OC1=O,0.8407807350158691,0.8557547330856323
COc1ccc(cc1)N(Cc2ccccc2)Cc3ccc(OC)c(O)c3,1.1205517053604126,0.49230679869651794
COc1ccc(cc1)N(Cc2ccc(Br)cc2)Cc3ccc(OC)c(O)c3,1.1372716426849365,0.5043388605117798
COc1ccc(cc1)N(Cc2ccc(F)cc2)Cc3ccc(OC)c(O)c3,1.1541917324066162,0.5707724690437317
COc1ccc(cc1)N(Cc2ccc(Cl)cc2)Cc3ccc(OC)c(O)c3,1.0830525159835815,0.34770724177360535
CCCOC(=O)C1=C(C)NC(=C(C1c2csc(n2)c3ccc(Cl)cc3)C(=O)OCCC)C,0.15714523196220398,0.3428375720977783
COc1ccc(CN(CCc2ccc(Br)cc2)Cc3ccc(Cl)cc3Cl)cc1O,1.0611495971679688,0.5283164978027344
COc1ccc(CN(Cc2ccccc2)Cc3ccc(Br)cc3)cc1O,1.1270642280578613,0.8408538103103638
COc1ccc(CN(CCc2ccccc2)Cc3ccccc3)cc1O,1.1383087635040283,0.6155206561088562
COc1ccc(CCN(Cc2ccccc2)Cc3ccc(OC)c(O)c3)cc1,1.1083649396896362,0.6587784886360168
COc1ccc2cc(ccc2c1)C(C)C(=O)N3CCCC3C(=O)OCCCc4cccnc4,0.20404881238937378,0.6811675429344177
COc1ccc(CN(Cc2ccccc2)c3ccc(Br)cc3)cc1O,1.0796376466751099,0.4561617076396942
COc1ccc(CN(Cc2ccccc2)c3cccc(Cl)c3)cc1O,1.0905582904815674,0.42548516392707825
COc1ccc(CN(CCc2ccc(Br)cc2)Cc3ccccc3)cc1O,1.1055586338043213,0.6153444051742554
COc1ccc(CN(CCc2ccc(OC)c(OC)c2)Cc3ccccc3)cc1O,1.1063843965530396,0.6092269420623779
CC(C)OC(=O)C1=C(C)NC(=C(C1c2csc(n2)c3ccc(Cl)cc3)C(=O)OC(C)C)C,0.18342669308185577,0.34914034605026245
COc1ccc(CCN(Cc2ccc(Br)cc2)Cc3ccc(OC)c(O)c3)cc1,1.0552072525024414,0.6876872777938843
COc1ccc(CN(Cc2ccc(Br)cc2)c3ccc(Br)cc3)cc1O,1.0837523937225342,0.5139093995094299
COc1ccc(CN(Cc2ccc(Br)cc2)c3cccc(Cl)c3)cc1O,1.1096049547195435,0.43469467759132385
COc1ccc(CN(CCc2ccc(OC)c(OC)c2)Cc3ccc(Br)cc3)cc1O,1.1113091707229614,0.5888023376464844
CCCN1OC(=CC1=O)C,1.2430846691131592,0.20473547279834747
COc1ccc(CN(CCc2ccc(Br)cc2)Cc3ccc(F)cc3)cc1O,1.078011155128479,0.7256631851196289
COc1ccc(CN(CCc2ccc(Br)cc2)Cc3cccc(Cl)c3)cc1O,1.0503705739974976,0.5941510200500488
COc1ccc(CN(CCc2ccc(Br)cc2)Cc3ccc(Cl)cc3)cc1O,1.0936071872711182,0.695977509021759
COc1ccc(CN(CCc2ccc(Br)cc2)Cc3ccc(Br)cc3)cc1O,1.0886906385421753,0.7016296982765198
CC(C)(NC(=O)[C@H](Cc1ccc(O)cc1)NC(=O)[C@H](CCC(=O)O)NC(=O)[C@H](CCCNC(=N)N)NC(=O)[C@H](CCCNC(=N)N)NC(=O)[C@H](CCCCN)NC(=O)[C@H](CCCCN)NC(=O)[C@H](CCCNC(=N)N)NC(=O)CN)C(=O)N[C@@H](CC(=O)N)C(=O)O,0.10991381108760834,0.8472927212715149
COc1ccc(CN(CCc2ccc(Br)cc2)Cc3ccc(C)cc3)cc1O,0.9761630892753601,0.9077602028846741
COc1ccc(CN(CCc2ccc(Br)cc2)Cc3c(F)c(F)c(F)c(F)c3F)cc1O,1.0078078508377075,0.6197326183319092
COc1ccc(CN(CCc2ccc(Br)cc2)Cc3ccc(Cl)c(Cl)c3)cc1O,1.0610315799713135,0.7081574201583862
COc1ccc(CN(CCc2ccc(Br)cc2)Cc3ccc(cc3)C(C)(C)C)cc1O,1.1346149444580078,0.550405740737915
CC(C)COC(=O)C1=C(C)NC(=C(C1c2csc(n2)c3ccc(Cl)cc3)C(=O)OCC(C)C)C,0.16692407429218292,0.3152076005935669
[I-].C[N+](C)(C)C[C@H]1CO[C@@H](O1)C(c2ccccc2)c3ccccc3,0.3325060307979584,1.1344704627990723
CCC1(CC)CC(CNC(=O)c2ccc(Br)cc2)OC1=O,0.9827583432197571,0.3773036599159241
CCC1(CC)CC(CO)OC1=O,-0.014212232083082199,1.083817720413208
CCC1(CC)CC(CCNC(=O)c2ccc(Br)cc2)OC1=O,0.48852142691612244,1.0827974081039429
CCC1(CC)CC(CCNC(=O)c2ccc(C)cc2)OC1=O,0.26845064759254456,1.0521464347839355
CC1=C(C(C(=C(C)N1)C(=O)OC(C)(C)C)c2csc(n2)c3ccc(Cl)cc3)C(=O)OC(C)(C)C,0.14374181628227234,0.22792981564998627
CCCCCCCC(=O)NCCC1CC(CC)(CC)C(=O)O1,1.065248727798462,0.11249414831399918
CC(=O)C(=O)c1cc2c(cn1)[nH]c3ccccc23,0.06277643144130707,0.8894904851913452
COC(=O)C1=C(C)NC(=C(C1c2csc(n2)c3ccc(Cl)cc3)C(=O)OC)C,0.2029428482055664,0.3654363453388214
CCOC(=O)C1=C(C)NC(=C(C1c2csc(n2)c3ccc(Cl)cc3)C(=O)OCC)C,0.13683657348155975,0.3754770755767822
CC1=C(C(C(=C(C)N1)C(=O)OC2CCCC2)c3csc(n3)c4ccc(Cl)cc4)C(=O)OC5CCCC5,0.22774504125118256,0.3421972692012787
CC1=C(C(C(=C(C)N1)C(=O)OC2CCCCC2)c3csc(n3)c4ccc(Cl)cc4)C(=O)OC5CCCCC5,0.11868932843208313,0.342467337846756
CC1=C(C(C(=C(C)N1)C(=O)OCc2ccccc2)c3csc(n3)c4ccc(Cl)cc4)C(=O)OCc5ccccc5,0.14336267113685608,0.43943336606025696
CC1=C(C(C(=C(C)N1)C(=O)OCCc2ccccc2)c3csc(n3)c4ccc(Cl)cc4)C(=O)OCCc5ccccc5,0.173576220870018,0.39734792709350586
CC(OC(=O)C1=C(C)NC(=C(C1c2csc(n2)c3ccc(Cl)cc3)C(=O)OC(C)c4ccccc4)C)c5ccccc5,0.26539021730422974,0.3817322254180908
CCOC(=O)C1=C(C)NC(=C(C1c2csc(n2)c3ccc(Cl)cc3)C(=O)OC)C,0.2008056640625,0.24571175873279572
COC(=O)C1=C(C)NC(=C(C1c2csc(n2)c3ccc(Cl)cc3)C(=O)OC4CCCCC4)C,0.22469569742679596,0.3678271770477295
CCCOC(=O)C1=C(C)NC(=C(C1c2csc(n2)c3ccc(Cl)cc3)C(=O)OC)C,0.14200735092163086,0.3121406137943268
CCCOC(=O)C1=C(C)NC(=C(C1c2csc(n2)c3ccc(Cl)cc3)C(=O)OCC)C,0.1871015578508377,0.30532020330429077
COC(=O)C1=C(C)NC(=C(C1c2csc(n2)c3ccc(Cl)cc3)C(=O)OC(C)C)C,0.2449445128440857,0.33272019028663635
CCOC(=O)C1=C(C)NC(=C(C1c2csc(n2)c3ccc(Cl)cc3)C(=O)OC(C)C)C,0.15762047469615936,0.40811866521835327
COC(=O)C1=C(C)NC(=C(C1c2csc(n2)c3ccc(Cl)cc3)C(=O)OCC(C)C)C,0.1450672596693039,0.32781434059143066
CCOC(=O)C1=C(C)NC(=C(C1c2csc(n2)c3ccc(Cl)cc3)C(=O)OCC(C)C)C,0.311701238155365,0.20239479839801788
COC(=O)C1=C(C)NC(=C(C1c2csc(n2)c3ccc(Cl)cc3)C(=O)OC(C)(C)C)C,0.18989147245883942,0.2792864441871643
CCOC(=O)C1=C(C)NC(=C(C1c2csc(n2)c3ccc(Cl)cc3)C(=O)OC(C)(C)C)C,0.19287557899951935,0.29413139820098877
COC(=O)C1=C(C)NC(=C(C1c2csc(n2)c3ccc(Cl)cc3)C(=O)OC4CCCC4)C,0.20858252048492432,0.27291205525398254
CCOC(=O)C1=C(C)NC(=C(C1c2csc(n2)c3ccc(Cl)cc3)C(=O)OC4CCCC4)C,0.1981142908334732,0.4210006892681122
COC(=O)C1=C(C)NC(=C(C1c2csc(n2)c3ccc(Cl)cc3)C(=O)OCc4ccccc4)C,0.22677162289619446,0.3197374641895294
CCOC(=O)C1=C(C)NC(=C(C1c2csc(n2)c3ccc(Cl)cc3)C(=O)OCc4ccccc4)C,0.18169158697128296,0.39289429783821106
COC(=O)C1=C(C)NC(=C(C1c2csc(n2)c3ccc(Cl)cc3)C(=O)OCCc4ccccc4)C,0.16387434303760529,0.26506054401397705
CCOC(=O)C1=C(C)NC(=C(C1c2csc(n2)c3ccc(Cl)cc3)C(=O)OCCc4ccccc4)C,0.17664696276187897,0.410252183675766
COC(=O)C1=C(C)NC(=C(C1c2csc(n2)c3ccc(Cl)cc3)C(=O)OC(C)c4ccccc4)C,0.20538674294948578,0.3528718054294586
CCCCCCCCCCCCCCCCC(CCCCCCCCCCCCCC)C(=O)OC[C@H]1O[C@H](O[C@H]2O[C@H](COC(=O)C(CCCCCCCCCCCCCC)CCCCCCCCCCCCCCCC)[C@@H](O)[C@H](O)[C@H]2O)[C@H](O)[C@@H](O)[C@@H]1O,0.03756985440850258,0.922709047794342
CCOC(=O)C1=C(C)NC(=C(C1c2csc(n2)c3ccc(Cl)cc3)C(=O)OC(C)c4ccccc4)C,0.20591036975383759,0.3460032641887665
COC(=O)C1=C[C@@H](O)[C@@H](O)[C@H](C)C1,-0.030712023377418518,0.9790025353431702
Oc1ccc(cc1)[C@H]2CC(=O)c3c(O)cc(Oc4c(O)cc5O[C@H](CC(=O)c5c4O)c6ccc(O)cc6)cc3O2,0.03967120870947838,0.4626290500164032
O=C(N\N=C/1\C(=O)Nc2ccccc12)NN3C(=O)c4ccccc4N=C3c5ccccc5,0.2751554548740387,0.18608218431472778
COc1cc(\C=N\NC(=O)NN2C(=O)c3ccccc3N=C2c4ccccc4)ccc1O,0.6529286503791809,0.2374875396490097
CC1(C)C2CCC1(C)\C(=N/NC(=O)NN3C(=O)c4ccccc4N=C3c5ccccc5)\C2,0.3545285165309906,0.1439308524131775
O=C(NN=C(c1ccccc1)c2ccccc2)NN3C(=O)c4ccccc4N=C3c5ccccc5,0.11024541407823563,0.47206494212150574
CCCCCCCCCCCCC(CCCCCCCCCCCC)C(=O)OC[C@H]1O[C@H](O[C@H]2O[C@H](COC(=O)C(CCCCCCCCCCCC)CCCCCCCCCCCC)[C@@H](O)[C@H](O)[C@H]2O)[C@H](O)[C@@H](O)[C@@H]1O,-0.07056140899658203,0.8611215353012085
CN(C)c1ccc(\C=N\NC(=O)NN2C(=O)c3ccccc3N=C2c4ccccc4)cc1,0.2218138575553894,0.5971350073814392
COc1ccc2cc(\C=N\NC(=O)C3=C(O)c4ccccc4S(=O)(=O)N3C)c(Cl)nc2c1,0.37777942419052124,0.2964022159576416
Fc1ccc(F)c(c1)C(=O)OCCCN2C(=O)c3ccccc3C2=O,0.4594859480857849,1.037943720817566
[O-][N+](=O)c1cc(ccc1Cl)C(=O)OCCCN2C(=O)c3ccccc3C2=O,0.6645583510398865,0.8221042156219482
Fc1ccc(F)c(c1)C(=O)OCCN2C(=O)[C@@H]3CC=CC[C@@H]3C2=O,0.2621800899505615,0.9978021383285522
[O-][N+](=O)c1cc(ccc1Cl)C(=O)OCCN2C(=O)[C@@H]3CC=CC[C@@H]3C2=O,0.42548680305480957,0.9409600496292114
OC(COc1cccc(c1)C(F)(F)F)CN2CCC(CC2)Oc3ccc(cc3)C(F)(F)F,0.9568989872932434,0.9714945554733276
Fc1ccc(F)c(c1)C(=O)OCCN2C(=O)[C@@H]3CCCC[C@@H]3C2=O,0.39669865369796753,1.0398173332214355
[O-][N+](=O)c1cc(ccc1Cl)C(=O)OCCN2C(=O)[C@@H]3CCCC[C@@H]3C2=O,0.2982807457447052,0.9207466244697571
[O-][N+](=O)c1cc(ccc1Cl)C(=O)OCCOc2ccc(Br)cc2,0.9575984477996826,0.5574851632118225
[O-][N+](=O)c1ccc(OCCOC(=O)c2ccc(Cl)c(c2)[N+](=O)[O-])cc1,0.7847065329551697,0.9600430130958557
Clc1ccc(cc1Cl)C(=O)OCCS(=O)(=O)c2ccccc2,1.0811727046966553,0.5460368990898132
[O-][N+](=O)c1cc(ccc1Cl)C(=O)OCCc2c[nH]c3ccccc23,0.38408124446868896,0.867290198802948
Clc1ccc(cc1Cl)C(=O)OC2Cc3cccc4cccc2c34,0.649354100227356,0.9933546781539917
[O-][N+](=O)c1cc(ccc1Cl)C(=O)OC2Cc3cccc4cccc2c34,0.8469847440719604,0.6124660968780518
Cc1cc(ccc1Br)C(=O)OC2Cc3cccc4cccc2c34,0.46047186851501465,1.0783429145812988
Clc1ccc(cn1)C(=O)OCCN2C(=O)c3ccccc3C2=O,0.6395682692527771,0.8720521330833435
Cc1oc(C)c(c1)C(=O)OCCN2C(=O)c3ccccc3C2=O,0.639771580696106,0.7907775044441223
CCC(C(=O)OCCN1C(=O)c2ccccc2C1=O)c3ccccc3,0.7955551147460938,0.7709723114967346
O=C(OCCN1C(=O)c2ccccc2C1=O)c3ccc4ccccc4c3,0.5481714606285095,0.9619503617286682
Fc1ccc(F)c(c1)C(=O)OCN2C(=O)c3ccccc3C2=O,0.7197591066360474,0.8738007545471191
[O-][N+](=O)c1cc(ccc1Cl)C(=O)OCN2C(=O)c3ccccc3C2=O,0.7988661527633667,0.6612291932106018
CC(COC(=O)c1cc(F)ccc1F)N2C(=O)c3ccccc3C2=O,0.6366928815841675,0.7928615808486938
CC(CN1C(=O)c2ccccc2C1=O)OC(=O)c3cc(F)ccc3F,0.5923885107040405,0.9599978923797607
CC(CN1C(=O)c2ccccc2C1=O)OC(=O)c3ccc(Cl)c(c3)[N+](=O)[O-],0.6364427804946899,0.7405309081077576
Cc1ccc2C(=O)N(CCOC(=O)c3cc(F)ccc3F)C(=O)c2c1,0.6830138564109802,0.9463791847229004
Oc1ccc(Cl)cc1C(=O)\C=C\c2ccccc2Cl,1.0814396142959595,0.30843740701675415
Cc1ccc2C(=O)N(CCOC(=O)c3ccc(Cl)c(c3)[N+](=O)[O-])C(=O)c2c1,0.5041676163673401,0.9527366757392883
CC(C)(C)c1ccc2C(=O)N(CCOC(=O)c3cc(F)ccc3F)C(=O)c2c1,0.6589862704277039,0.842471182346344
Fc1cc(F)cc(c1)C(=O)OCCN2C(=O)c3ccccc3C2=O,0.6928951144218445,0.9096471667289734
Clc1ccc(cc1Cl)C(=O)OCCN2C(=O)c3ccccc3C2=O,0.6657142639160156,1.0143368244171143
COc1cc(C)ccc1OC(=O)C2CCCN2C(=O)C(C)c3cccc(c3)C(=O)c4ccccc4,0.7878623008728027,0.4022006094455719
Clc1cc(Cl)cc(c1)C(=O)OCCN2C(=O)c3ccccc3C2=O,0.774757981300354,0.903167724609375
[O-][N+](=O)c1ccc(C(=O)OCCN2C(=O)c3ccccc3C2=O)c(Cl)c1,0.728656530380249,0.7811879515647888
Cc1ccc(F)cc1C(=O)OCCN2C(=O)c3ccccc3C2=O,0.6392641067504883,1.00858473777771
Fc1ccc(cc1C(=O)OCCN2C(=O)c3ccccc3C2=O)C(F)(F)F,0.5975674986839294,0.9256607890129089
COc1ccc2cc(ccc2c1)C(C)C(=O)OCC(OC(=O)C)C(OC(=O)C)C(OC(=O)C)C(OC(=O)C)\C=N\[C@@H](C(C)C)C(=O)O,0.22672602534294128,0.8569046258926392
Fc1ccc(Cl)cc1C(=O)OCCN2C(=O)c3ccccc3C2=O,0.6699039340019226,0.9085960984230042
[O-][N+](=O)c1ccc(F)c(c1)C(=O)OCCN2C(=O)c3ccccc3C2=O,0.7206281423568726,0.8029745221138
Fc1ccc(Cl)c(c1)C(=O)OCCN2C(=O)c3ccccc3C2=O,0.5702065825462341,0.9433066844940186
[O-][N+](=O)c1ccc(Cl)c(c1)C(=O)OCCN2C(=O)c3ccccc3C2=O,0.7732471227645874,0.7943268418312073
COc1ccc2cc(ccc2c1)C(C)C(=O)OCC(OC(=O)C)C(OC(=O)C)C(OC(=O)C)C(OC(=O)C)\C=N\[C@@H](CS)C(=O)O,0.012141046114265919,0.47787195444107056
Fc1ccc(Br)c(c1)C(=O)OCCN2C(=O)c3ccccc3C2=O,0.5956202745437622,0.9887421727180481
[O-][N+](=O)c1cc(ccc1Cl)C(=O)OCCN2C(=O)c3ccccc3C2=O,0.6447219252586365,0.8274788856506348
Cc1cc(ccc1Br)C(=O)OCCN2C(=O)c3ccccc3C2=O,0.49841514229774475,0.9901801347732544
Clc1ncccc1C(=O)OCCN2C(=O)c3ccccc3C2=O,0.6810219287872314,0.817628800868988
Cc1cccc(c1)C(=O)OCCN2C(=O)c3ccccc3C2=O,0.677967369556427,0.9528139233589172
CC1=Nc2ccccc2C(=O)N1NC(=O)Nc3ccc(Cl)cc3,0.14084050059318542,0.0784696638584137
CC1=Nc2ccccc2C(=O)N1NC(=O)Nc3ccc(Br)cc3,0.24500532448291779,-0.0013463643845170736
CC1=Nc2ccccc2C(=O)N1NC(=O)Nc3ccc(I)cc3,0.005712119396775961,0.40469256043434143
CC1=Nc2ccccc2C(=O)N1NC(=O)Nc3ccc(cc3)[N+](=O)[O-],0.33166074752807617,0.06721270084381104
CC1=Nc2ccccc2C(=O)N1NC(=O)Nc3ccccc3C,0.48923584818840027,0.06720250844955444
CC1=Nc2ccccc2C(=O)N1NC(=O)Nc3cccc(C)c3,0.3050646185874939,-0.008405826054513454
CC1=Nc2ccccc2C(=O)N1NC(=O)Nc3ccc(C)cc3,0.1840132474899292,0.023677639663219452
CCc1ccc(NC(=O)NN2C(=Nc3ccccc3C2=O)C)cc1,-0.02317841537296772,0.40528804063796997
COc1ccc(NC(=O)NN2C(=Nc3ccccc3C2=O)C)cc1,0.16219574213027954,0.1431252509355545
CCOc1ccc(NC(=O)NN2C(=Nc3ccccc3C2=O)C)cc1,0.19931845366954803,0.1251736283302307
CC1=Nc2ccccc2C(=O)N1NC(=O)Nc3ccc(F)cc3,-0.012465087696909904,0.2647676169872284
COc1ccc2c(c1)c(CC(=O)Oc3cc(O)c4C(=O)C[C@H](Oc4c3)c5ccc(O)cc5)c(C)n2C(=O)c6ccc(Cl)cc6,0.33801451325416565,0.36351385712623596
COc1ccc2c(c1)c(CC(=O)Oc3cc(O)c4C(=O)C[C@H](Oc4c3)c5ccc(OC)c(O)c5)c(C)n2C(=O)c6ccc(Cl)cc6,0.4302915036678314,0.480695515871048
COc1ccc2cc(ccc2c1)C(C)C(=O)OCC(OC(=O)C)C(OC(=O)C)C(OC(=O)C)C(OC(=O)C)\C=N\CC(=O)O,0.2244213968515396,0.856315553188324
COc1ccc2cc(ccc2c1)C(C)C(=O)OCC(OC(=O)C)C(OC(=O)C)C(OC(=O)C)C(OC(=O)C)\C=N\[C@@H](C)C(=O)O,0.7568442225456238,0.1819770634174347
COc1ccc(cc1)C2=CS\C(=N/NC(=O)c3ccc(O)cc3)\N2c4ccc(OC)cc4OC,0.21597808599472046,0.25652238726615906
COc1ccc2cc(ccc2c1)C(C)C(=O)OCC(OC(=O)C)C(OC(=O)C)C(OC(=O)C)C(OC(=O)C)\C=N\[C@@H](CC(C)C)C(=O)O,0.1359635442495346,0.6657134294509888
COc1ccc2cc(ccc2c1)C(C)C(=O)OCC(OC(=O)C)C(OC(=O)C)C(OC(=O)C)C(OC(=O)C)\C=N\[C@@H]([C@@H](C)O)C(=O)O,0.15176047384738922,0.7065574526786804
COc1ccc2cc(ccc2c1)C(C)C(=O)OCC(OC(=O)C)C(OC(=O)C)C(OC(=O)C)C(OC(=O)C)\C=N\[C@@H](Cc3ccccc3)C(=O)O,0.188947856426239,0.8564666509628296
COc1ccc2cc(ccc2c1)C(C)C(=O)OCC(OC(=O)C)C(OC(=O)C)C(OC(=O)C)C(OC(=O)C)\C=N\[C@@H](Cc3ccc(O)cc3)C(=O)O,0.1950964480638504,0.7690202593803406
COc1ccc2cc(ccc2c1)C(C)C(=O)OCC(OC(=O)C)C(OC(=O)C)C(OC(=O)C)C(OC(=O)C)\C=N\[C@@H](Cc3cnc[nH]3)C(=O)O,0.12232591211795807,0.7248361706733704
CCCCCCCCCCCCCCC(=O)N[C@@H](CCC(=O)O)C(=O)N[C@H]1CNC(=O)[C@@H]2CCCN2C(=O)[C@@H](NC(=O)[C@@H](NC(=O)CNC(=O)[C@H](CC(=O)O)NC(=O)CNC(=O)[C@H](CC(=O)O)NC(=O)CNC(=O)[C@@H]3CCCCN3C1=O)[C@@H](C)O)[C@H](C)CC,0.07050079852342606,0.836336612701416
COc1ccc2cc(ccc2c1)C(C)C(=O)OCC(OC(=O)C)C(OC(=O)C)C(OC(=O)C)C(OC(=O)C)\C=N\[C@@H](Cc3c[nH]c4ccccc34)C(=O)O,0.18151956796646118,0.44143930077552795
COc1ccc2cc(ccc2c1)C(C)C(=O)OCC(OC(=O)C)C(OC(=O)C)C(OC(=O)C)C(OC(=O)C)\C=N\[C@@H](CC(=O)O)C(=O)O,0.25948554277420044,0.7935919165611267
COc1ccc2cc(ccc2c1)C(C)C(=O)OCC(OC(=O)C)C(OC(=O)C)C(OC(=O)C)C(OC(=O)C)\C=N\[C@@H](CCC(=O)O)C(=O)O,0.061704155057668686,0.6322077512741089
COc1ccc2cc(ccc2c1)C(C)C(=O)OCC(OC(=O)C)C(OC(=O)C)C(OC(=O)C)C(OC(=O)C)\C=N\[C@@H](CCCN)C(=O)O,0.05448552593588829,0.7906317710876465
COc1ccc2cc(ccc2c1)C(C)C(=O)OCC(OC(=O)C)C(OC(=O)C)C(OC(=O)C)C(OC(=O)C)\C=N\[C@@H](Cc3ccc(O)c(O)c3)C(=O)O,0.21804170310497284,0.7781732082366943
CCCCCCCCCCCCCC(CCCCCCCCCCCCC)C(=O)OC[C@H]1O[C@H](O[C@H]2O[C@H](COC(=O)C(CCCCCCCCCCCCC)CCCCCCCCCCCCC)[C@@H](O)[C@H](O)[C@H]2O)[C@H](O)[C@@H](O)[C@@H]1O,-0.07384880632162094,0.8764675855636597
Cc1ccc(cc1)C2=CS\C(=N/NC(=O)c3ccc(O)cc3)\N2c4c(C)cccc4C,0.5050797462463379,0.1936926245689392
COc1ccc(N2\C(=N\NC(=O)c3ccc(O)cc3)\SC=C2c4ccc(Cl)cc4)c(OC)c1,0.4244577884674072,0.5617406368255615
Oc1ccc(cc1)C(=O)N\N=C\2/SC=C(N2c3ccc(Cl)cc3Cl)c4ccc(Cl)cc4,0.6305888891220093,0.20370066165924072
COc1ccc(cc1)C2=NN(C(=O)c3ccc(O)cc3)C(=S)S2,0.35562875866889954,0.0172504261136055
CCOC(=O)C1=C(C)N(CC(O)COc2ccc(\C=N\C(=S)Nc3ccc(OC)cc3)cc2)C(=S)NC1c4cccc(c4)[N+](=O)[O-],0.4655042886734009,0.4718295931816101
Oc1ccc(cc1)C(=O)N2N=C(SC2=S)c3ccc(O)cc3,-0.018773261457681656,0.215802401304245
Oc1ccc(cc1)C(=O)N2N=C(SC2=S)c3c(Cl)cccc3Cl,0.5524112582206726,0.14642798900604248
CCOC(=O)C1=C(C)N(CC(O)COc2ccc(\C=N\C(=S)Nc3ccccc3OC)cc2)C(=S)NC1c4ccccc4[N+](=O)[O-],0.46560901403427124,0.39034485816955566
CCOC(=O)C1=C(C)N(CC(O)COc2ccc(\C=N\C(=S)Nc3ccccc3OC)cc2)C(=S)NC1c4cccc(c4)[N+](=O)[O-],0.521653413772583,0.4142118990421295
CCOC(=O)C1=C(C)N(CC(O)COc2ccc(\C=N\C(=S)Nc3ccc(OC)cc3)cc2)C(=S)NC1c4ccccc4[N+](=O)[O-],0.40622439980506897,0.5210419297218323
COc1ccc2cc(\C=N\NC(=O)C3=C(O)c4ccccc4S(=O)(=O)N3)c(Cl)nc2c1,0.5234967470169067,0.334193617105484
Fc1ccc(cc1)N2CCN(CCCCN3C(=O)C4=C(SCCS4)C3=O)CC2,-0.07961195707321167,0.3233087956905365
O=C1N(CCCCN2CCN(CC2)c3ccccn3)C(=O)C4=C1SCCS4,-0.03967316448688507,0.6216281056404114
O=C1N(CCCN2CCN(CC2)c3ccccn3)C(=O)C4=C1SCCS4,0.036903079599142075,0.7029302716255188
Fc1ccc(cc1)N2CCN(CCCN3C(=O)C4=C(SCCS4)C3=O)CC2,0.21208760142326355,0.9084578156471252
COc1ccc2cc(ccc2c1)C(C)C(=O)N3CCCC3C(=O)Oc4ccc(C)cc4OC,0.2694513201713562,0.8054294586181641
O=C1N(CCCCN2CCN(CC2)c3ccccc3)C(=O)C4=C1SCCS4,0.12484196573495865,0.9196287989616394
O=C1OC(=O)C2=C1SCCS2,1.1653438806533813,0.17170658707618713
O=C1NC(=O)C2=C1SCCS2,-0.2330942451953888,0.8115880489349365
CN(C)CC(O)CN1C(=O)C2=C(SCCS2)C1=O,-0.1577749103307724,0.48955032229423523
CCN(CC)CC(O)CN1C(=O)C2=C(SCCS2)C1=O,0.12893067300319672,1.0249567031860352
CC(C)(C)NCC(O)CN1C(=O)C2=C(SCCS2)C1=O,-0.10740910470485687,0.26363879442214966
C\C=C(/C)\O[C@H]1[C@H](O)[C@]2(COC(=O)C)[C@H](O)C[C@]3(C)C(=CC[C@@H]4[C@@]5(C)CCC(O[C@@H]6O[C@@H]([C@@H](O)[C@H](O[C@@H]7OC[C@H](O)[C@H](O)[C@H]7O[C@@H]8OC[C@@H](O)[C@H](O)[C@H]8O)[C@H]6O[C@]9(C)O[C@H](CO)[C@H](O)[C@H](O)[C@H]9O)C(=O)O)[C@@](C)(C=O)[C@@H]5CC[C@@]34C)[C@@H]2CC1(C)C,0.003871351480484009,0.4360899329185486
OC(CN1CCCCC1)CN2C(=O)C3=C(SCCS3)C2=O,0.022146472707390785,0.9448182582855225
CC1CCN(CC(O)CN2C(=O)C3=C(SCCS3)C2=O)CC1,-0.11910189688205719,0.5660521984100342
OC(CN1CCN(CC1)c2ccccc2)CN3C(=O)C4=C(SCCS4)C3=O,0.02241847664117813,0.6750766038894653
OC(CN1CCN(CC1)c2ccc(F)cc2)CN3C(=O)C4=C(SCCS4)C3=O,-0.002827791031450033,0.6473985314369202
OC1=C(C(C2=C(O)c3ccccc3OC2=O)c4ccc5CC=CCc5c4)C(=O)Oc6ccccc16,0.5641737580299377,0.05805893987417221
CCCCCCCCCCCCCCC(CCCCCCCCCCCCCC)C(=O)OC[C@H]1O[C@H](O[C@H]2O[C@H](COC(=O)C(CCCCCCCCCCCCCC)CCCCCCCCCCCCCC)[C@@H](O)[C@H](O)[C@H]2O)[C@H](O)[C@@H](O)[C@@H]1O,-0.20508304238319397,0.4600474238395691
OC(CN1CCN(CC1)c2ccccn2)CN3C(=O)C4=C(SCCS4)C3=O,0.11489235609769821,0.7751813530921936
COc1ccccc1N2CCN(CC(O)CN3C(=O)C4=C(SCCS4)C3=O)CC2,0.836818277835846,0.39557477831840515
OC1=C(C(C2=C(O)c3ccccc3OC2=O)c4ccc(OCc5ccccc5)c(OCc6ccccc6)c4)C(=O)Oc7ccccc17,0.7291263937950134,0.052875008434057236
OC1=C(C(C2=C(O)c3ccc(O)cc3OC2=O)c4ccc5CC=CCc5c4)C(=O)Oc6cc(O)ccc16,0.7384151816368103,0.18694926798343658
OC1=C(C(C2=C(O)c3ccc(O)cc3OC2=O)c4ccc(CCc5ccccc5)cc4)C(=O)Oc6cc(O)ccc16,0.6889503002166748,0.06704737991094589
CCCCCCCCCCCCCCCC(CCCCCCCCCCCCCCC)C(=O)OC[C@H]1O[C@H](O[C@H]2O[C@H](COC(=O)C(CCCCCCCCCCCCCCC)CCCCCCCCCCCCCCC)[C@@H](O)[C@H](O)[C@H]2O)[C@H](O)[C@@H](O)[C@@H]1O,-0.10285492986440659,0.8566786646842957
OC1=C(C(=O)Oc2ccccc12)c3ccccc3C4=C(O)c5ccccc5OC4=O,0.5949801802635193,-0.08528031408786774
OC1=C(C(=O)Oc2ccccc12)c3cccc(c3)C4=C(O)c5ccccc5OC4=O,0.5894418358802795,-0.012236026115715504
CCn1cc(C(=O)\C=C(/O)\C(=O)O)c2ccccc12,0.11892940104007721,0.7691099047660828
CCn1cc(C(=O)\C=C(/O)\C(=O)O)c2cc3OCOc3cc12,0.5882940292358398,0.44845718145370483
OC1=C(C(C2=C(O)c3ccccc3OC2=O)c4cnc5CC=CCc5c4)C(=O)Oc6ccccc16,0.24230216443538666,0.15400800108909607
O=C(NN=C(c1ccccc1)c2ccccc2)c3ccncc3,0.7566836476325989,1.1954436302185059
Brc1ccc(cc1)\C(=N\NC(=O)c2ccncc2)\c3ccccc3,1.1078864336013794,0.8234018683433533
Cc1ccc2cc(\C=N\NC(=O)C3=C(O)c4ccccc4S(=O)(=O)N3)c(Cl)nc2c1,0.2408216893672943,0.39489617943763733
Cc1cccc2cc(\C=N\NC(=O)C3=C(O)c4ccccc4S(=O)(=O)N3)c(Cl)nc12,0.28154703974723816,0.6463056206703186
COc1ccc2nc(Cl)c(\C=N\NC(=O)C3=C(O)c4ccccc4S(=O)(=O)N3)cc2c1,0.27191150188446045,0.38987740874290466
Cc1ccc2nc(Cl)c(\C=N\NC(=O)C3=C(O)c4ccccc4S(=O)(=O)N3)cc2c1,0.40400785207748413,0.6218446493148804
COC(=O)[C@]1(C)CCC[C@@]2(C)[C@H]1CC(=O)c3cc(c(Nc4ccc(OC)cc4)cc23)[N+](=O)[O-],0.31267979741096497,0.6378316879272461
CCCCCCCCCCCCCCCCC(CCCCCCCCCCCCCCCC)C(=O)OC[C@H]1O[C@H](O[C@H]2O[C@H](COC(=O)C(CCCCCCCCCCCCCCCC)CCCCCCCCCCCCCCCC)[C@@H](O)[C@H](O)[C@H]2O)[C@H](O)[C@@H](O)[C@@H]1O,-0.14202658832073212,0.877871572971344
COC(=O)[C@]1(C)CCC[C@@]2(C)[C@H]1CC(=O)c3cc(c(Nc4ccc(C)cc4)cc23)[N+](=O)[O-],0.12012007087469101,0.41640642285346985
COC(=O)[C@]1(C)CCC[C@@]2(C)[C@H]1CC(=O)c3cc(c(Nc4ccccc4)cc23)[N+](=O)[O-],0.4163416624069214,0.7255224585533142
COC(=O)[C@]1(C)CCC[C@@]2(C)[C@H]1CC(=O)c3cc(c(NCCN)cc23)[N+](=O)[O-],0.21829484403133392,0.2808171212673187
COC(=O)[C@]1(C)CCC[C@@]2(C)[C@H]1CC(=O)c3cc(c(NCCO)cc23)[N+](=O)[O-],0.35003015398979187,0.5694313049316406
COC(=O)[C@]1(C)CCC[C@@]2(C)[C@H]1CC(=O)c3cc(c(NC(C)(C)C)cc23)[N+](=O)[O-],0.20463116466999054,0.5168585777282715
CCCCNc1cc2c(cc1[N+](=O)[O-])C(=O)C[C@H]3[C@@](C)(CCC[C@]23C)C(=O)OC,0.28862690925598145,0.6298633813858032
COC(=O)[C@]1(C)CCC[C@@]2(C)[C@H]1CC(=O)c3cc(c(NC(C)C)cc23)[N+](=O)[O-],0.45822471380233765,0.6998308897018433
CCCNc1cc2c(cc1[N+](=O)[O-])C(=O)C[C@H]3[C@@](C)(CCC[C@]23C)C(=O)OC,0.4754955768585205,0.438387930393219
CCNc1cc2c(cc1[N+](=O)[O-])C(=O)C[C@H]3[C@@](C)(CCC[C@]23C)C(=O)OC,0.1998976320028305,0.6117808818817139
CNc1cc2c(cc1[N+](=O)[O-])C(=O)C[C@H]3[C@@](C)(CCC[C@]23C)C(=O)OC,0.5566073656082153,0.421154260635376
COc1cc2CCN(C)[C@H]3Cc4ccc(O)c(c4)c5cc(C[C@H]6N(C)CCc7cc(OC)c(Oc(c1O)c23)cc67)ccc5OC,0.4727993607521057,0.5790479183197021
OC(COc1ccc(cc1)C(F)(F)F)CN2CCC(CC2)Oc3ccc(cc3)C(F)(F)F,0.9882104396820068,0.9561398029327393
COc1ccc2C[C@@H]3N(C)CCc4cc5Oc6c(OC)cc7CCN=C(Cc8ccc(Oc1c2)cc8)c7c6Oc5cc34,0.7394448518753052,0.4043704569339752
C[C@H]1O[C@H](OC[C@H]2O[C@@H](Oc3cc(O)c4C(=O)C(=C(Oc4c3)c5ccc(O)cc5)O)[C@H](O[C@@H]6O[C@H](CO)[C@@H](O)[C@H](O)[C@H]6O)[C@@H](O)[C@@H]2O)[C@@H](O)[C@@H](O)[C@@H]1O,0.2667413353919983,0.2934301793575287
C\C=C\1/CN2CC[C@@]34[C@@H]2C[C@@H]1[C@H](CO)[C@@H]3N(C(=O)C)c5ccccc45,0.4283308982849121,0.4120807945728302
COC(=O)c1ccc(OCC(O)CN2CCC(CC2)Oc3ccc(cc3)C(F)(F)F)cc1,0.7913356423377991,1.02693772315979
COc1cccc(OCC(O)CN2CCC(CC2)Oc3ccc(cc3)C(F)(F)F)c1,0.9445684552192688,0.9393473863601685
COc1ccc(OCC(O)CN2CCC(CC2)Oc3ccc(cc3)C(F)(F)F)cc1,1.0630613565444946,0.8303879499435425
CC(=O)c1ccc(OCC(O)CN2CCC(CC2)Oc3ccc(cc3)C(F)(F)F)cc1,1.006404995918274,0.6802608370780945
CCC(=O)c1ccc(OCC(O)CN2CCC(CC2)Oc3ccc(cc3)C(F)(F)F)cc1,1.0083563327789307,0.7679548263549805
CC(=O)Nc1ccc(OCC(O)CN2CCC(CC2)Oc3ccc(cc3)C(F)(F)F)cc1,0.9152830839157104,0.9149726033210754
OC(COc1ccc(cc1)C#N)CN2CCC(CC2)Oc3ccc(cc3)C(F)(F)F,0.9945299029350281,0.9637903571128845
CCCNCC#CC(=O)Nc1ccc2ncc(C#N)c(Nc3cccc(Br)c3)c2c1,0.14820493757724762,0.7277947664260864
O=C1NC(=O)C(=CN2CCOCC2)C(=O)N1,-0.11318182200193405,0.8592129349708557
CC(C)NCC#CC(=O)Nc1ccc2ncc(C#N)c(Nc3cccc(Br)c3)c2c1,0.3995662331581116,0.8795593976974487
CCC1(CC)CC(CCNC(=O)c2ccccc2)OC1=O,0.30301886796951294,1.0392471551895142
CCC1(CC)CC(CCOC(=O)c2ccc(Br)cc2)OC1=O,0.269676148891449,1.0162750482559204
CCC(=O)NCCC1CC(CC)(CC)C(=O)O1,0.00599701376631856,1.0276659727096558
CCC1(CC)CC(CCOC(=O)c2ccc(OC)cc2)OC1=O,0.9753958582878113,0.1341629922389984
CCCCCCCCCCCCCCC[C@@H](O)[C@@H](CCCCCCCCCCCCCC)C(=O)OC[C@H]1O[C@H](O[C@H]2O[C@H](COC(=O)[C@H](CCCCCCCCCCCCCC)[C@H](O)CCCCCCCCCCCCCCC)[C@@H](O)[C@H](O)[C@H]2O)[C@H](O)[C@@H](O)[C@@H]1O,0.01944619230926037,0.9166046380996704
CCC1(CC)CC(CCOC(=O)c2ccc(C)cc2)OC1=O,0.16627980768680573,1.1033788919448853
CCC1(CC)CC(CCOC(=O)c2ccccc2)OC1=O,0.17494049668312073,1.0216875076293945
CCC(=O)OCCC1CC(CC)(CC)C(=O)O1,1.1475577354431152,0.7188954949378967
CCCCCCCC(=O)OCCC1CC(CC)(CC)C(=O)O1,-0.1425621062517166,0.9239825010299683
CCC1(CC)CC(COC(=O)c2ccc(Br)cc2)OC1=O,0.19070766866207123,0.9848530888557434
CC(C)Cc1ccc(cc1)C(C)C2=NNC(=S)N2c3ccc(cc3)C(=O)NNC(=O)CO[N+](=O)[O-],0.48403874039649963,0.8150338530540466
CCC1(CC)CC(COC(=O)c2ccc(C)cc2)OC1=O,0.9601365923881531,0.17318013310432434
CCC1(CC)CC(COC(=O)c2ccc(OC)cc2)OC1=O,0.9176406860351562,0.3101331889629364
COc1ccc(cc1OC)C2OC(=O)C(=C2I)O,0.8388453125953674,0.16415156424045563
CCC1(CC)CC(COC(=O)c2ccccc2)OC1=O,0.16749511659145355,0.9935298562049866
CCCCCCCC(=O)OCC1CC(CC)(CC)C(=O)O1,-0.01943267695605755,1.0219935178756714
CCC(=O)OCC1CC(CC)(CC)C(=O)O1,-0.2363995909690857,0.8813640475273132
Nc1nc(Cl)c2c(ncn2Cc3cccc(CCl)c3)n1,-0.09802421182394028,0.3083972632884979
CCOC(=O)N1C(CC(=O)C)N(C(=O)OCC)c2ccccc12,0.12530656158924103,0.14146727323532104
ClCc1ccc(Cn2cnc3ncnc(Cl)c23)cc1,0.4019034504890442,0.9963930249214172
CCOC(=O)N1C(CC(=O)C)N(C(=O)OCC)c2cc(C)c(C)cc12,0.07671153545379639,0.39947134256362915
CCOC(=O)N1C(CC(=O)c2ccccc2)N(C(=O)OCC)c3ccccc13,0.21050865948200226,0.1418033242225647
CCOC(=O)N1C(CC(=O)c2ccccc2)N(C(=O)OCC)c3cc(C)c(C)cc13,0.6550841927528381,0.22094526886940002
COc1ccc(cc1)C2C\C(=N\OCc3ccccc3)\C(C)C(N2C)c4ccc(OC)cc4,0.8402203321456909,0.6115931868553162
ClCc1ccc(Cn2cnc3nc(Cl)nc(Cl)c23)cc1,0.11887320131063461,0.04963027313351631
CCOC(=O)N1C(CC(=O)c2ccc(O)cc2)N(C(=O)OCC)c3ccccc13,0.23815582692623138,0.6951909065246582
CCOC(=O)N1C(CC(=O)c2ccc(OC)cc2)N(C(=O)OCC)c3cc(C)c(C)cc13,0.6689376831054688,0.3100314140319824
CCOC(=O)N1C(CC(=O)Cc2ccccc2)N(C(=O)OCC)c3ccccc13,0.5715740919113159,0.6675344705581665
CCOC(=O)N1C(CC(=O)\C=C\c2ccccc2)N(C(=O)OCC)c3cc(C)c(C)cc13,0.28689026832580566,0.1636679768562317
ClCc1cccc(Cn2cnc3nc(Cl)nc(Cl)c23)c1,0.6982296705245972,0.05868106335401535
C[C@H]1O[C@H](OC2=C(Oc3cc(O)cc(O)c3C2=O)c4ccc(O)c(O)c4)[C@@H](O)[C@@H](O)[C@@H]1O,0.2943325638771057,0.5082074403762817
Nc1nc(Cl)c2c(ncn2Cc3ccc(CCl)cc3)n1,0.4456314444541931,0.9921777248382568
ClCc1ccccc1Cn2cnc3c(Cl)ncnc23,-0.015334620140492916,0.28227856755256653
ClCc1ccccc1Cn2cnc3c(Cl)nc(Cl)nc23,0.43453821539878845,0.8040227293968201
ClCc1cccc(Cn2cnc3c(Cl)ncnc23)c1,0.32899805903434753,0.9422823786735535
ClCc1cccc(Cn2cnc3c(Cl)nc(Cl)nc23)c1,0.18073633313179016,0.06482965499162674
ClCc1ccc(Cn2cnc3c(Cl)ncnc23)cc1,-0.050926271826028824,0.2767961919307709
ClCc1ccc(Cn2cnc3c(Cl)nc(Cl)nc23)cc1,-0.09258264303207397,0.45205146074295044
ClCc1ccccc1Cn2cnc3ncnc(Cl)c23,-0.05403725802898407,0.6909390091896057
ClCc1ccccc1Cn2cnc3nc(Cl)nc(Cl)c23,0.03179142251610756,0.18710468709468842
Nc1nc(Cl)c2c(ncn2Cc3ccccc3CCl)n1,-0.006186122074723244,0.2639569342136383
ClCc1cccc(Cn2cnc3ncnc(Cl)c23)c1,1.0459750890731812,0.22556297481060028
Cc1ccc(cc1)c2cc(nc(N)n2)c3ccccc3O,0.8730225563049316,0.03332136943936348
Nc1nc(cc(n1)c2ccccc2O)c3ccc(F)cc3,0.20348264276981354,0.9745731353759766
COc1ccc(cc1)c2cc(nc(N)n2)c3ccccc3O,0.18824204802513123,1.0079511404037476
Nc1nc(cc(n1)c2ccccc2O)c3ccc(Cl)cc3,-0.05475998669862747,0.8184964656829834
C[C@]12CC[C@H]3[C@@H](CC=C4C[C@H](CC[C@]34C)OC(=O)Cc5ccccc5)[C@@H]1CC/C/2=N\O,-0.07540037482976913,0.6855040788650513
Cc1cccc(c1)c2cc(nc(N)n2)c3ccccc3O,0.989749014377594,0.7282664179801941
CCn1c(cc2ccccc12)C(=O)\C=C(/O)\C(=O)O,0.9264849424362183,0.19536413252353668
COc1cccc(c1)c2cc(nc(N)n2)c3ccccc3O,-0.07564716786146164,0.15229779481887817
Nc1nc(cc(n1)c2ccccc2O)c3cccc(Cl)c3,-0.17821934819221497,0.5970353484153748
COc1ccc(cc1OC)c2cc(nc(N)n2)c3ccccc3O,0.32675701379776,1.0337862968444824
Nc1nc(cc(n1)c2ccccc2O)c3occc3,0.23796477913856506,1.0112847089767456
Cc1noc(n1)c2ccccn2,0.2177969068288803,1.1299368143081665
Nc1nc(cc(n1)c2ccccc2O)c3cccs3,-0.05327543616294861,0.8045199513435364
CC1C(N(C)C(C/C/1=N/OCc2ccccc2)c3ccccc3)c4ccccc4,0.8594647645950317,0.5767433047294617
CCC1C(N(C)C(C/C/1=N/OCc2ccccc2)c3ccccc3)c4ccccc4,0.8081344962120056,0.7282347083091736
CC(C)C1C(N(C)C(C/C/1=N/OCc2ccccc2)c3ccccc3)c4ccccc4,0.6778048872947693,0.8047236204147339
o1ncnc1c2cccnc2,0.2296520620584488,-0.2548752427101135
CC(C)CNCC(C)(C)N1C(=O)c2ccccc2C1=O,0.7058040499687195,0.9565475583076477
CN1C(CC(=NOCc2ccccc2)CC1c3ccc(Cl)cc3)c4ccc(Cl)cc4,0.8941168785095215,0.7923597693443298
CC1C(N(C)C(C/C/1=N/OCc2ccccc2)c3ccc(Cl)cc3)c4ccc(Cl)cc4,0.712730348110199,0.8566640615463257
CN1C(CC(=NOCc2ccccc2)CC1c3ccc(C)cc3)c4ccc(C)cc4,0.9974424839019775,0.48902058601379395
CC1C(N(C)C(C/C/1=N/OCc2ccccc2)c3ccc(C)cc3)c4ccc(C)cc4,0.7656615376472473,0.8423314690589905
COc1ccc(cc1)C2CC(=NOCc3ccccc3)CC(N2C)c4ccc(OC)cc4,0.9524089694023132,0.6456931233406067
COc1ccc(cc1)C2CC(=NN2c3ccccc3)c4ccc(O)c(C)c4,0.8208025693893433,0.4031875729560852
Cc1cc(ccc1O)C2=NN(C(C2)c3ccc(Cl)cc3)c4ccccc4,0.8053808212280273,0.40617606043815613
CN(C)c1ccc(cc1)C2CC(=NN2c3ccccc3)c4ccc(O)c(C)c4,0.7369991540908813,0.20895662903785706
Cc1cc(ccc1O)C2=NN(C(C2)c3ccccc3)c4ccccc4,0.6969752907752991,0.10395500808954239
C[C@]12CC[C@H]3[C@@H](CC=C4C[C@H](CC[C@]34C)OC(=O)COc5ccccc5)[C@@H]1CC/C/2=N\O,-0.12501293420791626,0.49975964426994324
COc1ccc(cc1OC)C2CC(=NN2c3ccccc3)c4ccc(O)c(C)c4,0.678493082523346,0.28088048100471497
COc1cc(cc(OC)c1OC)C2CC(=NN2c3ccccc3)c4ccc(O)c(C)c4,0.6303413510322571,0.4184170663356781
Cc1cc(ccc1O)C2=NN(C(C2)c3ccc(F)cc3)c4ccccc4,0.8949909806251526,0.4604947865009308
Cc1cc(ccc1O)C2=NN(C(C2)c3ccccc3Cl)c4ccccc4,0.7301669716835022,0.5294904708862305
C\C=C(/C)\O[C@H]1[C@H](CO)[C@]2(C)[C@H](O)C[C@]3(C)C(=CC[C@@H]4[C@@]5(C)CCC(O[C@@H]6O[C@@H]([C@@H](O)[C@H](O[C@@H]7OC[C@H](O)[C@H](O)[C@H]7O[C@@H]8OC[C@@H](O)[C@H](O)[C@H]8O)[C@H]6O[C@]9(C)O[C@H](CO)[C@H](O)[C@H](O)[C@H]9O)C(=O)O)[C@@](C)(C=O)[C@@H]5CC[C@@]34C)[C@@H]2CC1(C)C,-0.010309797711670399,0.5935726761817932
Cc1cc(ccc1O)C2=NN(C(C2)c3c(Cl)cccc3Cl)c4ccccc4,0.8466964960098267,0.2595604956150055
Cc1cc(ccc1O)C2=NN(C(C2)c3cccc(c3)[N+](=O)[O-])c4ccccc4,0.6928473711013794,0.20822584629058838
Cc1cc(ccc1O)C2=NN(C(C2)c3occc3)c4ccccc4,0.6905730962753296,0.28887346386909485
Clc1ccc(cc1)c2cc(C3=CC(=O)C=CC3=O)n(n2)c4ccccc4,0.18156319856643677,0.46755099296569824
CC(C)(CO)NC=C1C(=O)NC(=O)NC1=O,0.10614810883998871,1.1309198141098022
Cc1ccc(cc1)c2cc(C3=CC(=O)C=CC3=O)n(n2)c4ccc(cc4)S(=O)(=O)N,0.41807761788368225,0.21749965846538544
NS(=O)(=O)c1ccc(cc1)n2nc(cc2C3=CC(=O)C=CC3=O)c4ccc(Cl)cc4,0.2757374346256256,0.3461063504219055
CC(CO)(CO)Nc1nc2ccccc2[nH]1,-0.275844007730484,0.5651024580001831
OCCN(Cc1nc2ccccc2[nH]1)c3nc4ccccc4[nH]3,0.9051094055175781,-0.03078656643629074
CC(CO)(CO)NCc1nc2ccccc2[nH]1,0.09112177789211273,1.1428407430648804
CCOC(=O)N1CCN(CC1)C=C2C(=O)NC(=O)NC2=O,0.22178931534290314,1.0963771343231201
OC(CNC1CCCCC1)CN2C(=O)c3ccccc3C2=O,0.7176024317741394,0.9657551646232605
CC(CO)(CO)NCCCN1C(=O)c2ccccc2C1=O,0.652223527431488,1.0165289640426636
CC(C)(CO)N1C(=O)c2ccccc2C1=O,0.7272862792015076,0.997941792011261
CC(C)(CO)NCC(C)(C)N1C(=O)c2ccccc2C1=O,0.674302339553833,0.9841746687889099
COc1ccc(cc1)C(=O)O[C@H]2CC[C@]3(C)[C@H]4CC[C@@]5(C)[C@@H](CC/C/5=N\O)[C@@H]4CC=C3C2,-0.04536410793662071,0.5385173559188843
Cc1c(CCc2ccccc2)oc3cccc(OCCNCc4cccnc4)c13,0.10448741912841797,0.5569061040878296
Cc1c(oc2cccc(OCCNCc3cccnc3)c12)C(=O)Nc4ccccc4,0.6367966532707214,0.5280860662460327
Cc1c(CSc2ccccc2)oc3cccc(OCCNCc4cccnc4)c13,0.5439822673797607,0.09236407279968262
OC1=C(Br)C(OC1=O)c2ccccc2,0.8869532346725464,0.026319265365600586
CCOC(=O)C1=C(C)N(CC(O)COc2ccc(\C=N\C(=S)Nc3ccc(Cl)cc3)cc2)C(=S)NC1c4ccccc4[N+](=O)[O-],0.45520642399787903,0.3935292363166809
CCOC(=O)c1oc2cccc(OCCNCc3cccnc3)c2c1C4CC4,0.5154029130935669,0.3979523479938507
CCOC(=O)c1oc2cccc(OCCNCc3ccccc3)c2c1C,0.7873128652572632,0.3632384240627289
CCOC(=O)c1oc2cccc(OCCNCc3cccnc3)c2c1C,0.6483367085456848,0.2798139154911041
CCOC(=O)c1oc2cccc(OCCNCc3cccnc3)c2c1CC,0.48726174235343933,0.587940514087677
C[C@]12CC[C@H]3[C@@H](CC=C4C[C@H](CC[C@]34C)OC(=O)c5ccc(Cl)cc5)[C@@H]1CC/C/2=N\O,-0.04765428975224495,0.7522799372673035
CCOC(=O)c1oc2cccc(OCCNCc3cccnc3)c2c1C(C)C,0.617555558681488,0.4865765869617462
CCOC(=O)c1oc2cccc(OCCNCc3cccnc3)c2c1,0.33757761120796204,0.8010640740394592
CC(=O)c1nccn1c2oc3cccc(OCCNCc4cccnc4)c3c2C,0.5633646249771118,0.3584769666194916
COCc1ccc2oc(cc2c1)c3oc4cccc(OCCNCc5cccnc5)c4c3C,0.5982654094696045,0.5984907746315002
CCCCc1nc(Cl)c(C=O)n1CC(=O)c2ccccc2,0.8483969569206238,0.30954134464263916
Cc1c(COc2ccccc2C#N)oc3cccc(OCCNCc4cccnc4)c13,0.7744626998901367,0.3080790936946869
Cc1c(COc2ccccc2)oc3cccc(OCCNCc4cccnc4)c13,0.7753099799156189,0.23402252793312073
Cc1c(COc2cccc(F)c2)oc3cccc(OCCNCc4cccnc4)c13,0.7600535154342651,0.19415907561779022
Cc1c(COc2cccc(F)c2F)oc3cccc(OCCNCc4cccnc4)c13,0.5775988101959229,0.233633890748024
Cc1c(COc2ccccc2F)oc3cccc(OCCNCc4cccnc4)c13,0.4618128538131714,0.7498047947883606
Cc1c(COc2ccc(F)c(F)c2F)oc3cccc(OCCNCc4cccnc4)c13,0.6591827869415283,0.2235727310180664
Cc1c(COc2ccc(F)cc2F)oc3cccc(OCCNCc4cccnc4)c13,0.7282077670097351,0.30498963594436646
Cc1c(COc2ccc(F)cc2)oc3cccc(OCCNCc4cccnc4)c13,0.8252670168876648,0.37004774808883667
CCCCCCCCCCCCCCCC(=O)OCCCCCCOC(=O)CCCCCCCCCCCCCCC,0.19915950298309326,1.3263520002365112
Cc1c(COc2ccc(Cl)cc2)oc3cccc(OCCNCc4cccnc4)c13,0.7707756757736206,0.29594600200653076
Cc1c(COc2ccc(cc2)C#N)oc3cccc(OCCNCc4cccnc4)c13,0.7811768054962158,0.2945619523525238
CCCCc1nc(Cl)c(C=O)n1Cc2c(C)onc2C,-0.08859709650278091,0.3474479019641876
CCCCc1nc(Cl)c(C=O)n1CC(=O)c2ccc(Cl)cc2,0.25496670603752136,0.7854881882667542
CC1=C(C(C(=C(C)N1)C(=O)Nc2ccc(Cl)cc2)c3ccncc3)C(=O)Nc4ccc(Cl)cc4,0.18944090604782104,0.17802760004997253
CCCCc1nc(Cl)c(C=O)n1Cc2ccc(cc2)c3ccccc3C(=O)OC,0.6864078044891357,0.14713460206985474
CCCCc1nc(Cl)c(C=O)n1Cc2ccc(cc2)c3ccccc3C#N,0.14332962036132812,0.12970519065856934
CCCCc1nc(Cl)c(C=O)n1Cc2ccc(cc2)[N+](=O)[O-],0.825757622718811,0.2804991900920868
CCCCc1nc(Cl)c(C=O)n1Cc2cc3OCOc3cc2C,0.6507971286773682,0.13704240322113037
CCCCc1nc(Cl)c(C=O)n1Cc2ccccc2,0.6720351576805115,-0.057544246315956116
CCCCc1nc(Cl)c(C=O)n1Cc2cc(OC)c(OC)cc2Br,0.5246431231498718,0.10027550905942917
Fc1cccc(c1)C(=O)OCCN2C(=O)c3ccccc3C2=O,0.6880466341972351,1.0057779550552368
Clc1cccc(c1)C(=O)OCCN2C(=O)c3ccccc3C2=O,0.5899977087974548,1.0219029188156128
[O-][N+](=O)c1cccc(c1)C(=O)OCCN2C(=O)c3ccccc3C2=O,0.6271668076515198,0.9215163588523865
CC(C)(C)c1ccc(cc1)C(=O)OCCN2C(=O)c3ccccc3C2=O,0.6364101767539978,0.9173383116722107
CCCCCc1ccc(cc1)C(=O)OCCN2C(=O)c3ccccc3C2=O,0.6638072729110718,0.9583341479301453
Brc1ccc(cc1)C(=O)OCCN2C(=O)c3ccccc3C2=O,0.7210953831672668,0.9602820873260498
Fc1cccc(C(=O)OCCN2C(=O)c3ccccc3C2=O)c1F,0.5063746571540833,0.92117840051651
Fc1ccc(C(=O)OCCN2C(=O)c3ccccc3C2=O)c(F)c1,0.687888503074646,0.8799543976783752
Fc1ccc(F)c(c1)C(=O)OCCN2C(=O)c3ccccc3C2=O,0.6186858415603638,0.9086853265762329
Fc1cccc(F)c1C(=O)OCCN2C(=O)c3ccccc3C2=O,0.6057710647583008,1.0063832998275757
Fc1ccc(cc1F)C(=O)OCCN2C(=O)c3ccccc3C2=O,0.6472617983818054,0.9603704810142517
Clc1ccccc1C(=O)OCCN2C(=O)c3ccccc3C2=O,0.5668529868125916,0.9999323487281799
[O-][N+](=O)c1ccccc1C(=O)OCCN2C(=O)c3ccccc3C2=O,0.617920458316803,0.8784222602844238
CCCCCCCCCCCCCCCC(=O)OCC(CO[C@@H]1O[C@H](CO)[C@@H](O)[C@H](O)[C@H]1O)OC(=O)CCCCCCCCCCCCCCC,-0.04288509860634804,0.9350377917289734
COc1ccc(cc1)C2=NOC(C2CN3CCOCC3)c4c[nH]c5ccccc45,0.5922955274581909,0.5774099230766296
Cc1ccc(cc1)C2=NOC(C2CN3CCOCC3)c4c[nH]c5ccccc45,0.33470767736434937,0.6623725891113281
Clc1ccc(cc1)C2=NOC(C2CN3CCOCC3)c4c[nH]c5ccccc45,0.5662947297096252,0.5039563179016113
C(C1C(ON=C1c2ccccc2)c3c[nH]c4ccccc34)N5CCOCC5,0.27552056312561035,0.7075185179710388
CCCCCCCCCCCCNCC(=O)N[C@@H](CC(=O)N)C(=O)N[C@H]1CNC(=O)[C@@H]2CCCN2C(=O)[C@@H](NC(=O)[C@@H](NC(=O)CNC(=O)[C@H](CC(=O)O)NC(=O)CNC(=O)[C@H](CC(=O)O)NC(=O)CNC(=O)[C@@H]3CCCCN3C1=O)[C@@H](C)O)[C@H](C)CC,0.06645183265209198,0.879489004611969
COc1ccc(cc1)C2=NOC(C2CN3CCCCC3)c4c[nH]c5ccccc45,0.5295582413673401,0.6066344380378723
Cc1ccc(cc1)C2=NOC(C2CN3CCCCC3)c4c[nH]c5ccccc45,0.19410526752471924,0.6156947016716003
Clc1ccc(cc1)C2=NOC(C2CN3CCCCC3)c4c[nH]c5ccccc45,0.37298107147216797,0.24038444459438324
C(C1C(ON=C1c2ccccc2)c3c[nH]c4ccccc34)N5CCCCC5,0.6074084639549255,0.5541226267814636
CCCCCCCCCCCCCCC[C@@H](OC)[C@@H](CCCCCCCCCCCCCC)C(=O)OC[C@H]1O[C@H](O[C@H]2O[C@H](COC(=O)[C@H](CCCCCCCCCCCCCC)[C@@H](CCCCCCCCCCCCCCC)OC)[C@@H](O)[C@H](O)[C@H]2O)[C@H](O)[C@@H](O)[C@@H]1O,0.011282149702310562,0.9059314131736755
COc1ccc(NC(=O)C2=C(C)NC(=O)NC2c3ccccc3)cc1,0.6728976368904114,0.41512802243232727
COc1ccc(NC(=O)C2=C(C)NC(=S)NC2c3ccccc3)cc1,0.710055410861969,0.4533647298812866
COc1ccc(NC(=O)C2=C(C)NC(=O)NC2c3ccc(OC)cc3)cc1,0.6654936671257019,0.4280068576335907
COc1ccc(NC(=O)C2=C(C)NC(=S)NC2c3ccc(OC)cc3)cc1,0.7143698930740356,0.47782278060913086
Cc1ccc(cc1)C(=O)O[C@H]2CC[C@]3(C)[C@H]4CC[C@@]5(C)[C@@H](CC/C/5=N\O)[C@@H]4CC=C3C2,-0.0719706192612648,0.6264728307723999
COc1ccc(NC(=O)C2=C(C)NC(=O)NC2c3occc3)cc1,0.6331440210342407,0.449935644865036
COc1ccc(NC(=O)C2=C(C)NC(=S)NC2c3occc3)cc1,0.5244371891021729,0.22148308157920837
COc1ccc(NC(=O)C2=C(C)NC(=O)NC2c3ccccc3O)cc1,0.5865710377693176,0.5178182721138
COc1ccc(NC(=O)C2=C(C)NC(=S)NC2c3ccccc3O)cc1,0.6735407710075378,0.3972654938697815
CCOC(=O)C1=C(C)N(CC(O)COc2ccc(\C=N\C(=S)Nc3ccc(cc3)C(=O)O)cc2)C(=S)NC1c4cccc(c4)[N+](=O)[O-],0.4710594713687897,0.37909945845603943
COc1ccc(NC(=O)C2=C(C)NC(=O)NC2C\C=C\c3ccccc3)cc1,0.5448849201202393,0.7314947247505188
COc1ccc(NC(=O)C2=C(C)NC(=O)NC2c3cccc(c3)[N+](=O)[O-])cc1,0.6941020488739014,0.48557010293006897
COc1ccc(NC(=O)C2=C(C)NC(=S)NC2c3cccc(c3)[N+](=O)[O-])cc1,0.6587562561035156,0.511225700378418
COc1ccc(NC(=O)C2=C(C)NC(=O)NC2c3ccc(O)c(OC)c3)cc1,0.589560866355896,0.43176525831222534
CCCCCCCCCCCCCCCCNC(=O)N[C@@H](CC(=O)N)C(=O)N[C@H]1CNC(=O)[C@@H]2CCCN2C(=O)[C@@H](NC(=O)[C@@H](NC(=O)CNC(=O)[C@H](CC(=O)O)NC(=O)CNC(=O)[C@H](CC(=O)O)NC(=O)CNC(=O)[C@@H]3CCCCN3C1=O)[C@@H](C)O)[C@H](C)CC,0.04309951514005661,0.8676866292953491
COc1ccc(NC(=O)C2=C(C)NC(=O)NC2c3cccc(Cl)c3)cc1,0.7250558137893677,0.35826706886291504
COc1ccc(NC(=O)C2=C(C)NC(=S)NC2c3cccc(Cl)c3)cc1,0.577744722366333,0.274393767118454
COc1ccc(NC(=O)C2=C(C)NC(=O)NC2c3ccc(cc3)N(C)C)cc1,0.751244306564331,0.5104736089706421
COc1ccc(NC(=O)C2=C(C)NC(=S)NC2c3ccc(cc3)N(C)C)cc1,0.6649465560913086,0.5265529155731201
CN1c2c(C)n(nc2c3ccccc3S1(=O)=O)c4ccc(cc4)C(=O)\C=C\c5ccc(Cl)cc5,0.4032631814479828,0.37622368335723877
COc1ccc(NC(=O)C2=C(C)NC(=O)NC2c3ccncc3)cc1,0.630318820476532,0.34345465898513794
COc1ccc(NC(=O)C2=C(C)NC(=O)NC2)cc1,0.7895586490631104,0.039581943303346634
CC1=C(C(C(=C(C)N1)C(=O)Nc2ccc(Cl)cc2)c3ccccc3)C(=O)Nc4ccc(Cl)cc4,0.4956006407737732,0.09825079888105392
COc1ccc(cc1)C2C(=C(C)NC(=C2C(=O)Nc3ccc(Cl)cc3)C)C(=O)Nc4ccc(Cl)cc4,0.5839126110076904,0.516035258769989
CC1=C(C(C(=C(C)N1)C(=O)Nc2ccc(Cl)cc2)c3occc3)C(=O)Nc4ccc(Cl)cc4,0.5166066884994507,0.17020459473133087
COc1cc(ccc1O)C2C(=C(C)NC(=C2C(=O)Nc3ccc(Cl)cc3)C)C(=O)Nc4ccc(Cl)cc4,0.6854387521743774,0.32837337255477905
CC[C@@]1(C[C@H]2CN(CCc3c([nH]c4ccccc34)[C@@](C2)(C(=O)OC)c5cc6c(cc5OC)N(C)[C@H]7[C@](O)([C@H](OC(=O)C)[C@]8(CC)C=CCN9CC[C@]67[C@H]89)C(=O)OC)C1)NC(=S)Nc%10ccccc%10,0.43976959586143494,0.42771703004837036
CCOC(=O)C1=C(C)N(CC(O)COc2ccc(\C=N\C(=S)Nc3ccc(Cl)cc3)cc2)C(=S)NC1c4cccc(c4)[N+](=O)[O-],0.3737480938434601,0.3856247663497925
Cc1ccc2[nH]c3c(CCc4c3nc5ccc(Cl)cc5c4c6ccccc6)c2c1,0.4346422553062439,0.2786725163459778
Cc1cccc2c3CCc4c(nc5ccc(Cl)cc5c4c6ccccc6)c3[nH]c12,0.3086320161819458,0.529996395111084
CC(C)Cc1ccc(cc1)C(C)C2=NNC(=S)N2c3ccc(cc3)C(=O)NNC(=O)CCO[N+](=O)[O-],0.36822885274887085,0.8318197131156921
OC1=C(Oc2c(O)ccc(O)c2C1=O)c3ccc(O)c(O)c3,0.06463558971881866,0.21789726614952087
Cc1ccc2c3CCc4c(nc5ccc(Cl)cc5c4c6ccccc6)c3[nH]c2c1,0.5714693069458008,0.2711831033229828
CC(C)Cc1ccc(cc1)C(C)C2=NNC(=S)N2c3ccc(C(=O)NNC(=O)CCO[N+](=O)[O-])c(c3)C(=O)NNC(=O)CCO[N+](=O)[O-],0.23517170548439026,0.22288911044597626
CC(C)Cc1ccc(cc1)C(C)C2=NNC(=S)N2c3ccccc3CC(=O)NNC(=O)CCO[N+](=O)[O-],0.17841178178787231,0.21399778127670288
CC(C)Cc1ccc(cc1)C(C)C2=NNC(=S)N2c3ccccc3CC(=O)NNC(=O)CO[N+](=O)[O-],0.17134840786457062,0.2527046501636505
CC(C)Cc1ccc(cc1)C(C)C2=NNC(=S)N2c3ccc(C(=O)NNC(=O)CO[N+](=O)[O-])c(c3)C(=O)NNC(=O)CO[N+](=O)[O-],0.3245512545108795,0.7414244413375854
CC[C@@]1(C[C@H]2CN(CCc3c([nH]c4ccccc34)[C@@](C2)(C(=O)OC)c5cc6c(cc5OC)N(C)[C@H]7[C@](O)([C@H](OC(=O)C)[C@]8(CC)C=CCN9CC[C@]67[C@H]89)C(=O)OC)C1)NC(=S)NCCc%10ccc(F)cc%10,0.4301609992980957,0.36059656739234924
C[C@]12CC[C@H]3[C@@H](CC=C4C[C@H](CC[C@]34C)OC(=O)CCl)[C@@H]1CC/C/2=N\O,-0.19709442555904388,0.44953086972236633
C[C@]12CC[C@H]3[C@@H](CC=C4C[C@H](CC[C@]34C)OC(=O)c5ccccc5)[C@@H]1CC/C/2=N\O,0.052962690591812134,0.8627296090126038
C[C@]12CC[C@H]3[C@@H](CC=C4C[C@H](CC[C@]34C)OC(=O)c5ccc(cc5)[N+](=O)[O-])[C@@H]1CC/C/2=N\O,0.018749719485640526,0.7025856971740723
C[C@]12CC[C@H]3[C@@H](CC=C4C[C@H](CC[C@]34C)OC(=O)c5ccc(N)cc5)[C@@H]1CC/C/2=N\O,-0.00009793636854737997,0.7274147868156433
C[C@]12CC[C@H]3[C@@H](CC=C4C[C@H](CC[C@]34C)OC(=O)c5ccc(O)cc5)[C@@H]1CC/C/2=N\O,0.8539513945579529,0.12469499558210373
C[C@]12CC[C@H](O)CC1=CC[C@H]3[C@@H]4CC\C(=N/O)\[C@@]4(C)CC[C@H]23,-0.1847885400056839,0.6844334602355957
COc1ccc(cc1)c2nn(cc2C3OC(=O)C(=C3Br)O)c4ccccc4,0.5163977146148682,0.4003719687461853
OC1=C(Br)C(OC1=O)c2cn(nc2c3ccc(Br)cc3)c4ccccc4,0.39539793133735657,0.6030559539794922
Cc1nn(c(C)c1C2OC(=O)C(=C2Cl)O)c3ccccc3,0.19206392765045166,0.520952582359314
OC1=C(I)C(OC1=O)c2ccccc2,-0.09745830297470093,0.773039698600769
OC1=C(I)C(OC1=O)c2ccc(Cl)cc2,1.0657126903533936,0.48459672927856445
Oc1ccc(cn1)c2ccc3N=C(NCCN4CCOCC4)C(=O)N(CC5CCCCC5)c3n2,0.241288423538208,0.4948270618915558
Cc1nn(c(C)c1C2OC(=O)C(=C2I)O)c3ccccc3,0.28762203454971313,0.1386757344007492
BrC1=C(OCC(=O)NCc2ccccc2)C(=O)OC1c3ccccc3,0.39346078038215637,0.8657947182655334
Cl\C(=C/c1ccc(Cl)cc1)\C2=Nc3ccccc3NC2=O,0.9140481948852539,0.16434237360954285
I\C(=C/c1ccccc1)\C2=Nc3ccccc3NC2=O,0.7104573249816895,-0.04453247785568237
Clc1ccc(\C=C(/I)\C2=Nc3ccccc3NC2=O)cc1,0.147025927901268,0.9151127934455872
Cc1nn(c(C)c1\C=C(/I)\C2=Nc3ccccc3NC2=O)c4ccccc4,-0.023587588220834732,0.3946879208087921
OC(=O)\C(=C\c1ccc(Cl)cc1)\Br,0.6418642401695251,1.3072694540023804
Cc1nn(c(C)c1\C=C(/Br)\C(=O)O)c2ccccc2,0.6893370151519775,-0.013078907504677773
OC(=O)\C(=C\c1cn(nc1c2ccc(Br)cc2)c3ccccc3)\Br,0.1907208114862442,0.04346640035510063
CN(CCC(Oc1ccc(cc1)C(F)(F)F)c2ccccc2)CC(O)COc3ccccc3C,0.997977614402771,0.596977949142456
COc1ccccc1OCC(O)CN(C)CCC(Oc2ccc(cc2)C(F)(F)F)c3ccccc3,1.0478981733322144,0.4097212851047516
OC(=O)C(=O)\C=C\c1cn(nc1c2ccccc2)c3ccccc3,0.8985929489135742,0.2656153738498688
COc1ccc(cc1)c2nn(cc2\C=C\C(=O)C(=O)O)c3ccccc3,0.8086836934089661,0.1710265874862671
OC(=O)C(=O)\C=C\c1cn(nc1c2ccc(Br)cc2)c3ccccc3,0.3150227665901184,-0.05322946235537529
Cn1c(cc2ccccc12)C(=O)\C=C(/O)\C(=O)O,0.22777961194515228,0.8883435130119324
Cn1c(cc2cc3OCOc3cc12)C(=O)\C=C(/O)\C(=O)O,0.42673346400260925,0.051818374544382095
CCn1c(cc2cc3OCOc3cc12)C(=O)\C=C(/O)\C(=O)O,0.10999540984630585,0.5427394509315491
OC(=O)\C(=C\C(=O)c1cc2ccccc2n1Cc3ccccc3)\O,0.03687763214111328,0.40009281039237976
OC(=O)\C(=C\C(=O)c1cc2cc3OCOc3cc2n1Cc4ccccc4)\O,0.25567758083343506,0.6197152137756348
Cn1cc(C(=O)\C=C(/O)\C(=O)O)c2ccccc12,0.20381231606006622,0.8882981538772583
Cn1cc(C(=O)\C=C(/O)\C(=O)O)c2cc3OCOc3cc12,0.34139448404312134,0.1939217746257782
COc1cccc2cc(C3SC(=NN3C(=O)C)NC(=O)C)c(Cl)nc12,0.3719787001609802,0.3046000897884369
COc1ccc2cc(C3SC(=NN3C(=O)C)NC(=O)C)c(Cl)nc2c1,0.36463460326194763,0.564515233039856
COc1cc2cc(C3SC(=NN3C(=O)C)NC(=O)C)c(Cl)nc2cc1OC,0.4075511693954468,0.2426959127187729
CC(=O)NC1=NN(C(S1)c2cc3ccc(Cl)cc3nc2Cl)C(=O)C,0.5848221182823181,0.5186429619789124
CCC(=O)c1ccc(OCC(O)CN(C)CCC(Oc2ccc(cc2)C(F)(F)F)c3ccccc3)cc1,0.8560585975646973,0.7012139558792114
CC(=O)NC1=NN(C(S1)c2cc3cc(Br)ccc3nc2Cl)C(=O)C,0.6844545006752014,0.34430426359176636
CC(=O)NC1=NN(C(S1)c2cc3cc(C)ccc3nc2Cl)C(=O)C,0.40644845366477966,0.268713116645813
COc1ccc2nc(Cl)c(cc2c1)C3SC(=NN3C(=O)C)NC(=O)C,0.539111316204071,0.514728307723999
CC(=O)NC1=NN(C(S1)c2cc3ccc(C)cc3nc2Cl)C(=O)C,0.512374997138977,0.5856108665466309
Oc1ncc(cn1)c2ccc3N=C(NCC4CCOCC4)C(=O)N(CC5CCCCC5)c3n2,0.46428182721138,0.23569270968437195
C\C=C\1/CN2CC[C@@]34[C@@H]2C[C@@H]1[C@H]5CO[C@H]([C@@H]6[C@H]7C[C@@H]8N(CC[C@]89[C@H]6N(C(=O)C)c%10ccccc9%10)C/C/7=C\C)N([C@H]35)c%11ccccc4%11,0.35509446263313293,0.38960108160972595
CCc1ccc2c3[nH]c4ccccc4c3CC[n+]2c1,0.2605751156806946,0.20037633180618286
CN1CCc2c([nH]c3ccccc23)[C@@H]1C[C@@H]4C[C@@H]5N(CCc6c5[nH]c7ccccc67)C[C@@H]4C=C.OC(=O)C(=O)O,0.48789089918136597,0.4263680577278137
COc1cc2CCN(C)[C@@H]3Cc4ccc(O)c(c4)c5cc(C[C@@H]6N(C)CCc7cc8Oc1c(Oc8cc67)c23)ccc5OC,0.5520981550216675,0.35078978538513184
C\C=C/1\CN2CCc3c([C@@H]2C[C@@H]1Cc4nccc5c6ccccc6[nH]c45)n(C)c7ccccc37,0.3751816153526306,0.43649962544441223
CN(CCC(Oc1ccc(cc1)C(F)(F)F)c2ccccc2)CC(O)COc3ccc(cc3)C(F)(F)F,0.8893662691116333,0.8148491382598877
O[C@@]12CCO[C@@]1(Nc3ccccc23)[C@H]4C[C@@H]5CCN4C[C@@H]5C=C,0.3495478630065918,0.36864250898361206
O[C@H]1Cc2c(O)cc3O[C@@]4(Oc5cc(O)cc(O)c5[C@@H]([C@H]4O)c3c2O[C@@H]1c6cc(O)c(O)c(O)c6)c7ccc(O)cc7,0.4690318703651428,0.45047494769096375
C\C=C/1\CN(C)CC[C@@]23[C@@H]4[C@H](CO[C@H](O)C(=O)N4c5ccccc25)[C@H]1CC3=O,0.3494471311569214,0.41115862131118774
C\C=C/1\CN2CC[C@@]34[C@@H]2C[C@@H]1[C@@H](C=O)[C@@H]3N(C(=O)C)c5ccccc45,0.3942450284957886,0.526744544506073
COC(=O)C1=CO[C@@H](O[C@@H]2O[C@H](CO)[C@@H](O)[C@H](O)[C@H]2O)[C@H]3[C@@H]1C=C[C@]34OC(=O)C(=C4)C(O)c5ccc(O)c(OC)c5,0.2291502058506012,0.4569002389907837
CC[C@@H]1CN2CC[C@@]34[C@@H]2C[C@@H]1[C@H]5CO[C@H]([C@@H]6[C@H]7C[C@@H]8N(CC[C@]89[C@H]6N(C(=O)C)c%10ccccc9%10)C/C/7=C/C)N([C@H]35)c%11ccccc4%11,0.3998241722583771,0.44703710079193115
COc1cccc2[nH]c3[C@H](C[C@H]4C[C@@H]5N(CCc6c5[nH]c7ccccc67)C[C@@H]4C=C)NCCc3c12,0.27787742018699646,0.46065425872802734
C[C@@H]1NC[C@]23CC[C@H]4[C@@H](CC=C5C[C@H](CC[C@]45C)N(C)C)[C@@H]2CC[C@H]13,0.062025923281908035,1.040257215499878
C[C@@H]1N=C[C@]23CC[C@H]4[C@@H](CC=C5C[C@@H](N)CC[C@]45C)[C@@H]2CC[C@H]13,-0.15297344326972961,0.8147563934326172
COCCc1c([nH]c2ccccc12)[C@@H]3C[C@@H]4CCN3C[C@@H]4C=C,0.2486901581287384,0.5374776721000671
COc1ccc2nccc(C(=O)[C@H]3C[C@@H]4CCN3C[C@@H]4C=C)c2c1,0.48392021656036377,0.680230438709259
C\C=C/1\CN2CC[C@@]34[C@@H]2C[C@@H]1[C@H](C=O)[C@@H]3N(C(=O)C)c5ccccc45,0.4218697249889374,0.3466678261756897
CN1CCc2c([nH]c3ccccc23)[C@@H]1C[C@H]4C[C@@H]5N(CC[C@@]56C(=O)Nc7cc(O)ccc67)C[C@@H]4C=C,0.44717171788215637,0.42379504442214966
COc1cc2CCN(C)[C@H]3Cc4ccc(O)c(Oc5ccc(C[C@@H]6N(C)CCc7c(O)c(OC)c(OC)c(Oc1cc23)c67)cc5)c4,0.7174307107925415,0.35836267471313477
COC(=O)C(CO)C1CC2c3[nH]c4ccccc4c3CC[N+]2(C)C/C/1=C/C,0.4580400288105011,0.6295176148414612
O[C@H]1Cc2c(O)cc3O[C@@]4(Oc5c([C@@H]([C@H]4O)c3c2O[C@@H]1c6ccc(O)cc6)c(O)cc7O[C@@]8(Oc9cc(O)cc(O)c9[C@@H]([C@@H]8O)c57)c%10ccc(O)cc%10)c%11ccc(O)cc%11,0.2101985663175583,0.24956345558166504
C[C@@H]1N=C[C@]23C[C@@H](O)[C@H]4[C@@H](CCC5=CC(=O)C=C[C@]45C)[C@@H]2CC[C@H]13,-0.14969146251678467,0.48394519090652466
CO[C@H]1OC[C@@H]2[C@H]3CC(=O)[C@]4(CCN(C)C/C/3=C\C)[C@H]2N(C1=O)c5ccccc45,0.3182230293750763,0.4735319912433624
CC[C@@H]1CN2CC[C@@]34[C@@H]2C[C@@H]1[C@H]5CO[C@H]([C@@H]6[C@H]7C[C@@H]8N(CC[C@]89[C@H]6N(C(=O)C)c%10c(O)cccc9%10)C[C@H]7CC)N([C@H]35)c%11ccccc4%11,0.3751772940158844,0.4320583641529083
COc1cc2CCN(C)[C@@H]3Cc4ccc5Oc6c(Oc5c4)c(OC)cc7CCN(C)[C@@H](Cc8ccc(Oc(c1OC)c23)cc8)c67,0.6828023195266724,0.48226094245910645
CN(CCC(Oc1ccc(cc1)C(F)(F)F)c2ccccc2)CC(O)COc3ccc(cc3)C(=O)C,0.9845134019851685,0.659758985042572
CN(CCC(Oc1ccc(cc1)C(F)(F)F)c2ccccc2)CC(O)COc3cccc(c3)C(F)(F)F,0.9058752655982971,0.8067716360092163
CN(CCC(Oc1ccc(cc1)C(F)(F)F)c2ccccc2)CC(O)COc3ccc(NC(=O)C)cc3,0.7852084636688232,0.8409308791160583
CN(CCC(Oc1ccc(cc1)C(F)(F)F)c2ccccc2)CC(O)COc3ccc(Br)cc3,0.8386756181716919,0.911868691444397
COc1ccc(OCC(O)CN(C)CCC(Oc2ccc(cc2)C(F)(F)F)c3ccccc3)cc1,0.5690017342567444,1.090975046157837
CN(CCC(Oc1ccc(cc1)C(F)(F)F)c2ccccc2)CC(O)COc3ccc(C=O)cc3,0.7785766124725342,0.9180800914764404
CN(CCC(Oc1ccc(cc1)C(F)(F)F)c2ccccc2)CC(O)COc3ccc(Cl)cc3,1.0228168964385986,0.4314241111278534
CCNc1ccc(OCC(O)CN(C)CCC(Oc2ccc(cc2)C(F)(F)F)c3ccccc3)cc1,0.9602717161178589,0.7295434474945068
CN(CCC(Oc1ccc(cc1)C(F)(F)F)c2ccccc2)CC(O)COc3ccc4ccccc4c3,0.8792086243629456,0.8396309614181519
CN(CCC(Oc1ccc(cc1)C(F)(F)F)c2ccccc2)CC(O)COc3ccc(cc3)C#N,0.8789908289909363,0.8116796016693115
CN(CCC(Oc1ccc(cc1)C(F)(F)F)c2ccccc2)CC(O)COc3ccccc3,0.9779384732246399,0.6240475177764893
CC(=O)NS(=O)(=O)c1ccc(cc1)n2nc(cc2C3=CC(=O)C=CC3=O)c4ccccc4,0.33706578612327576,0.6278399229049683
Cc1nn(c(C)c1CC(=O)c2cc(O)ccc2O)c3ccc(Br)cc3,0.6710971593856812,0.030653798952698708
COc1ccc(OC)c(c1)c2cc(nn2c3ccc(cc3)S(=O)(=O)N)c4ccc(Cl)cc4,0.2687327265739441,0.2113252431154251
CC1=NN(C(=O)C1CC(=O)c2cc(O)ccc2O)c3ccc(Br)cc3,0.7536504864692688,0.5721806287765503
Oc1ccc(O)c(c1)C(=O)CC2C(=O)NN(C2=O)c3ccc(Br)cc3,0.7844124436378479,0.3242546319961548
COc1ccc(OC)c(c1)c2cc(nn2c3ccccc3)c4ccc(Cl)cc4,0.7652649283409119,0.13399717211723328
COc1ccc(OC)c(c1)c2cc(nn2c3ccc(cc3)S(=O)(=O)N)c4ccccc4,0.7713214159011841,0.3916657269001007
COc1ccc(OC)c(c1)c2cc(nn2c3ccc(cc3)S(=O)(=O)NC(=O)C)c4ccccc4,0.0759972631931305,0.39360857009887695
COc1ccc(OC)c(c1)c2cc(nn2c3ccc(cc3)S(=O)(=O)NC(=O)C)c4ccc(Cl)cc4,0.2700381278991699,0.5280810594558716
Oc1ccc(O)c(c1)c2cc(nn2c3ccccc3)c4ccccc4,0.8419594764709473,0.18435432016849518
OC1(C(=O)Nc2ccc(Cl)cc12)C(F)(F)F,0.12456586956977844,0.6211286187171936
Oc1ccc(O)c(c1)c2cc(nn2c3ccccc3)c4ccc(Cl)cc4,0.0476616732776165,0.18620963394641876
CC(=O)N1C(=O)C(O)(c2cc(Cl)ccc12)C(F)(F)F,0.5454970002174377,0.6546018123626709
NS(=O)(=O)c1ccc(cc1)n2nc(cc2c3cc(O)ccc3O)c4ccccc4,0.23885780572891235,0.79449862241745
NS(=O)(=O)c1ccc(cc1)n2nc(cc2c3cc(O)ccc3O)c4ccc(Cl)cc4,0.21800290048122406,0.1250760406255722
CC(=O)NS(=O)(=O)c1ccc(cc1)n2nc(cc2c3cc(O)ccc3O)c4ccccc4,0.02626042440533638,0.27182528376579285
CC(=O)NS(=O)(=O)c1ccc(cc1)n2nc(cc2c3cc(O)ccc3O)c4ccc(Cl)cc4,0.03392944857478142,0.4777461886405945
CN1C(=O)C(O)(c2cc(Br)ccc12)C(F)(F)F,0.06773552298545837,0.3532135784626007
CC(=O)N1C(=O)C(O)(c2cc(C)ccc12)C(F)(F)F,0.5608117580413818,0.30249568819999695
[O-][N+](=O)c1cc2oc(nc2cc1Cl)C3CCCCC3,0.33174124360084534,0.995949923992157
CCOc1ccc(Cc2oc3ccc(cc3n2)[N+](=O)[O-])cc1,0.8693886399269104,0.23760278522968292
Nc1ccc(cc1)c2oc3ccc(Cl)cc3n2,-0.06366348266601562,0.18189921975135803
Cc1ccc2[nH]c(Cc3ccc(Br)cc3)nc2c1,0.8974184989929199,-0.013784068636596203
Clc1ccc2[nH]c(CC3CCCCC3)nc2c1,0.04690925031900406,1.0306740999221802
Fc1ccc(cc1)C(=O)Nc2ccc3oc(nc3c2)c4ccccc4,0.6321096420288086,0.7767807841300964
CCc1ccc(cc1)c2oc3ccc(NC(=O)Cc4ccc(Br)cc4)cc3n2,0.10944168269634247,0.16019727289676666
OC[C@@H](O)[C@@H](O[C@@H]1O[C@H](CO)[C@H](O)[C@H](O)[C@H]1O)[C@H](O)[C@@H](O)C(=O)N2CCN(CC2)c3ccc(cc3)c4c5C=Cc(n5)c(c6ccccc6)c7ccc([nH]7)c(c8ccccc8)c9ccc(n9)c(c%10C=Cc4[nH]%10)c%11ccccc%11,0.37049683928489685,0.22094900906085968
Clc1ccc(CSc2nc(Cl)c(\C=C\3/SC(=O)N(Cc4ccc(Cl)cc4Cl)C3=O)s2)cc1,0.637294590473175,0.5392113924026489
Clc1nc(sc1\C=C\2/SC(=O)N(Cc3ccc(Br)cc3)C2=O)N4CCCCC4,0.3850092887878418,0.691670298576355
[O-][N+](=O)c1ccc(CN2C(=O)S\C(=C/c3sc(nc3Cl)N4CCCCC4)\C2=O)cc1,0.4769635796546936,0.5691626071929932
Clc1ccc(CN2C(=O)S\C(=C/c3sc(nc3Cl)N4CCCCC4)\C2=O)c(Cl)c1,0.4890550673007965,0.518360435962677
Clc1ccc(CSc2nc(Cl)c(\C=C\3/SC(=O)N(Cc4ccccc4)C3=O)s2)cc1,0.5951271057128906,0.5540392398834229
Fc1ccc(CN2C(=O)S\C(=C/c3sc(SCc4ccc(Cl)cc4)nc3Cl)\C2=O)cc1,0.30318036675453186,0.4316471219062805
Clc1ccc(CSc2nc(Cl)c(\C=C\3/SC(=O)N(Cc4ccc(Cl)cc4)C3=O)s2)cc1,0.45835360884666443,0.6167351603507996
Clc1ccc(CSc2nc(Cl)c(\C=C\3/SC(=O)N(Cc4ccc(Br)cc4)C3=O)s2)cc1,0.4897201657295227,0.7057693600654602
[O-][N+](=O)c1ccc(CN2C(=O)S\C(=C/c3sc(SCc4ccc(Cl)cc4)nc3Cl)\C2=O)cc1,0.4738074839115143,0.5069237947463989
Cc1noc(n1)c2cccnc2,0.978793203830719,-0.0398949459195137
Clc1nc(sc1\C=C\2/SC(=O)N(Cc3ccccc3)C2=O)N4CCCCC4,0.291534423828125,0.6986188888549805
Fc1ccc(CN2C(=O)S\C(=C/c3sc(nc3Cl)N4CCCCC4)\C2=O)cc1,0.5976424813270569,0.594788134098053
Clc1ccc(CN2C(=O)S\C(=C/c3sc(nc3Cl)N4CCCCC4)\C2=O)cc1,0.7422109842300415,0.37422797083854675
COc1cc(cc(OC)c1OC)[C@H]2[C@@H]3[C@H](COC3=O)[C@@H](OC(=O)c4ccncc4)c5cc6OCOc6cc25,0.5886778831481934,0.4661368131637573
COc1cc(cc(OC)c1OC)[C@H]2[C@@H]3[C@H](COC3=O)[C@@H](OC(=O)c4cccnc4)c5cc6OCOc6cc25,0.4310801923274994,0.43129217624664307
COc1cc(cc(OC)c1OC)[C@H]2[C@@H]3[C@H](COC3=O)[C@@H](OC(=O)c4ccccn4)c5cc6OCOc6cc25,0.2282639741897583,0.3753639757633209
COc1cc(cc(OC)c1OC)[C@H]2[C@@H]3[C@H](COC3=O)[C@@H](OC(=O)c4cccnc4Cl)c5cc6OCOc6cc25,0.37549543380737305,0.38409698009490967
COc1cc(cc(OC)c1OC)[C@H]2[C@@H]3[C@H](COC3=O)[C@@H](OC(=O)c4ccc(Cl)nc4)c5cc6OCOc6cc25,0.4852903187274933,0.5078428387641907
COc1cc(cc(OC)c1OC)[C@H]2[C@@H]3[C@H](COC3=O)[C@@H](OC(=O)c4cncc(Br)c4)c5cc6OCOc6cc25,0.33080971240997314,0.3944986164569855
COc1cc(cc(OC)c1O)[C@H]2[C@@H]3[C@H](COC3=O)[C@H](OC(=O)c4ccncc4)c5cc6OCOc6cc25,0.5871301293373108,0.41534870862960815
COc1cc(cc(OC)c1O)[C@H]2[C@@H]3[C@H](COC3=O)[C@H](OC(=O)c4cccnc4)c5cc6OCOc6cc25,0.3311072587966919,0.5865173935890198
COc1cc(cc(OC)c1O)[C@H]2[C@@H]3[C@H](COC3=O)[C@H](OC(=O)c4ccccn4)c5cc6OCOc6cc25,0.23073987662792206,0.4462873935699463
COc1cc(cc(OC)c1O)[C@H]2[C@@H]3[C@H](COC3=O)[C@H](OC(=O)c4cccnc4Cl)c5cc6OCOc6cc25,0.44814634323120117,0.5175370573997498
COc1cc(cc(OC)c1O)[C@H]2[C@@H]3[C@H](COC3=O)[C@H](OC(=O)c4ccc(Cl)nc4)c5cc6OCOc6cc25,0.46758145093917847,0.3238900303840637
COc1cc(cc(OC)c1O)[C@H]2[C@@H]3[C@H](COC3=O)[C@H](OC(=O)c4cncc(Br)c4)c5cc6OCOc6cc25,0.37270137667655945,0.3715256452560425
C[C@H]1OCC\C(=C\C(=O)OCC23CCC(=C[C@H]2O[C@@H]4C[C@@H](OC(=O)\C=C/C=C/[C@H]1O)[C@@]3(C)[C@]45CO5)C)\C,-0.012963270768523216,0.5111944675445557
C[C@@H]1OCC\C(=C\C(=O)OCC23CCC(=C[C@H]2O[C@@H]4C[C@@H](OC(=O)\C=C/C=C/[C@H]1O)[C@@]3(C)[C@]45CO5)C)\C,-0.06590120494365692,0.5481816530227661
C\C=C(\C)/O[C@H]1[C@H](O)[C@]2(CO)[C@@H](C[C@]3(C)C(=CC[C@@H]4[C@@]5(C)CCC(O[C@@H]6O[C@@H]([C@@H](O)[C@H](O[C@@H]7OC[C@H](O)[C@H](O)[C@H]7O[C@@H]8OC[C@@H](O)[C@H](O)[C@H]8O)[C@H]6O[C@]9(C)O[C@H](CO)[C@H](O)[C@H](O)[C@H]9O)C(=O)O)[C@@](C)(C=O)[C@@H]5CC[C@@]34C)[C@@H]2CC1(C)C)OC(=O)C,0.015146801248192787,0.5490320324897766
CCN(CC)CCOC(=O)Cc1c(C)n(C(=O)c2ccc(Cl)cc2)c3ccc(OC)cc13,0.4596998989582062,0.5814547538757324
COc1ccc2c(c1)c(CC(=O)OCCN3CCCC3)c(C)n2C(=O)c4ccc(Cl)cc4,0.6467263698577881,0.38641345500946045
COc1ccc2c(c1)c(CC(=O)OCCN(C)C)c(C)n2C(=O)c3ccc(Cl)cc3,0.36160415410995483,0.20363616943359375
Clc1ccc(CN2CCOCC2)cc1,1.1461414098739624,0.9900969862937927
C(N1CCOCC1)c2ccc(cc2)c3ccccc3,1.1024309396743774,0.919588565826416
Cc1cccc(c1)C(=S)N2CCCCC2,1.1049546003341675,0.8262156248092651
NCc1cnn(O)c1Br,0.9495936036109924,-0.07907566428184509
Brc1ccc(cc1)C(=S)N2CCOCC2,0.8683570027351379,1.126859188079834
S=C(NCCc1ccccc1)c2ccccc2,1.1970020532608032,0.6802693009376526
Oc1ccc(cc1O)C(=S)NCCc2ccccc2,1.1653945446014404,0.644987165927887
COC(=O)c1ccc(cc1)C(=S)NCCc2ccccc2,0.9991132020950317,0.9096474051475525
Brc1ccc(cc1)C(=S)NCCc2ccccc2,1.2600001096725464,0.562482476234436
Clc1ccc(cc1)C(=S)NCCc2ccccc2,1.161533236503601,0.7820403575897217
Clc1ccccc1C(=S)NCCc2ccccc2,1.1974542140960693,0.43411681056022644
Clc1ccc(C(=S)NCCc2ccccc2)c(Cl)c1,1.2131808996200562,0.5389120578765869
Clc1ccc(cc1Cl)C(=S)NCCc2ccccc2,1.123642086982727,0.7189608812332153
Fc1ccc(cc1)C(=S)NCCc2ccccc2,1.2452106475830078,0.6227517127990723
S=C(Cc1ccc(cc1)c2ccccc2)NCCc3ccccc3,0.8090036511421204,1.1763086318969727
Clc1ccccc1C(=O)N2CCOCC2,1.0904136896133423,0.7938655614852905
Clc1ccc(cc1)C(=O)N2CCOCC2,0.9202620387077332,0.9691197276115417
O=C(N1CCOCC1)c2ccc(cc2)c3ccccc3,0.9207327365875244,0.9685523509979248
Clc1ccccc1CN2CCOCC2,1.007494568824768,0.9978471398353577
S=C(N1CCOCC1)c2ccccc2,1.0088571310043335,1.0013790130615234
Clc1ccccc1C(=S)N2CCOCC2,1.074315071105957,0.7425228953361511
Clc1cccc(c1)C(=S)N2CCOCC2,1.1521049737930298,0.4867874085903168
Clc1ccc(C(=S)N2CCOCC2)c(Cl)c1,1.0383862257003784,0.799239993095398
Clc1ccc(cc1Cl)C(=S)N2CCOCC2,1.1848678588867188,0.4853540062904358
S=C(N1CCOCC1)c2ccc(cc2)C3CCCCC3,1.065874457359314,0.6783348321914673
[O-][N+](=O)c1cccc(c1)C(=S)N2CCOCC2,1.1065512895584106,0.5801255106925964
Clc1ccccc1CC(=S)N2CCOCC2,1.1684449911117554,0.43956413865089417
S=C(N1CCCCC1)c2ccccc2,1.0895248651504517,0.8701285123825073
Cc1cc(C)c2nc(sc2c1)N3C(=O)c4ccccc4N=C3c5ccccc5,0.3062639832496643,0.358175665140152
C\C(=N/NC(=O)c1ccc(F)cc1)\c2ccncc2,0.7760586142539978,1.1477115154266357
CCOc1cccc2sc(nc12)N3C(=O)c4ccccc4N=C3c5ccccc5,0.3181377947330475,0.2733191251754761
Brc1cc(Br)c2N=C(N(C(=O)c2c1)c3nc4ccccc4s3)c5ccccc5,0.458743155002594,0.2851495146751404
COc1cccc2sc(nc12)N3C(=O)c4cc(Br)cc(Br)c4N=C3c5ccccc5,0.49384239315986633,0.23506413400173187
COc1ccc2sc(nc2c1)N3C(=O)c4cc(Br)cc(Br)c4N=C3c5ccccc5,0.32881051301956177,0.30514833331108093
COc1ccc2nc(sc2c1)N3C(=O)c4cc(Br)cc(Br)c4N=C3c5ccccc5,0.3885701298713684,0.38233762979507446
Cc1cccc2sc(nc12)N3C(=O)c4cc(Br)cc(Br)c4N=C3c5ccccc5,0.42460086941719055,0.31838393211364746
Cc1ccc2sc(nc2c1)N3C(=O)c4cc(Br)cc(Br)c4N=C3c5ccccc5,0.4525979161262512,0.3003624975681305
Clc1ccc2sc(nc2c1)N3C(=O)c4cc(Br)cc(Br)c4N=C3c5ccccc5,0.3537791073322296,0.25753337144851685
CCOc1ccc2nc(sc2c1)N3C(=O)c4cc(Br)cc(Br)c4N=C3c5ccccc5,0.3623390793800354,0.25004950165748596
CCOc1ccc2sc(nc2c1)N3C(=O)c4cc(Br)cc(Br)c4N=C3c5ccccc5,0.4297977685928345,0.2675066292285919
Brc1ccc2nc(sc2c1)N3C(=O)c4cc(Br)cc(Br)c4N=C3c5ccccc5,0.39079704880714417,0.27015483379364014
[O-][N+](=O)c1ccc2nc(sc2c1)N3C(=O)c4cc(Br)cc(Br)c4N=C3c5ccccc5,0.340311199426651,0.2848765552043915
Cc1ccc(cc1)C2NC(C3CCCC2C3=NNC(=O)c4ccc(N)cc4)c5ccc(C)cc5,0.7685033082962036,0.7486789226531982
Cc1cc(C)c2nc(sc2c1)N3C(=O)c4cc(Br)cc(Br)c4N=C3c5ccccc5,0.3787228465080261,0.252781480550766
CCOc1cccc2sc(nc12)N3C(=O)c4cc(Br)cc(Br)c4N=C3c5ccccc5,0.4230134189128876,0.28827664256095886
COc1ccc2nc(sc2c1)N3C(=O)c4ccccc4N=C3c5ccccc5,0.33850154280662537,0.2394484430551529
CC1=C(C(C(=C(C)N1)C(=O)Nc2ccc(Cl)cc2)c3ccccc3O)C(=O)Nc4ccc(Cl)cc4,0.6091492772102356,0.41445550322532654
CCOc1ccc2nc(sc2c1)N3C(=O)c4ccccc4N=C3c5ccccc5,0.5235857963562012,0.2486446350812912
CCOc1ccc2sc(nc2c1)N3C(=O)c4ccccc4N=C3c5ccccc5,0.40300944447517395,0.2803463339805603
[O-][N+](=O)c1ccc2nc(sc2c1)N3C(=O)c4ccccc4N=C3c5ccccc5,0.49031952023506165,0.2925402820110321
C\C(=N/NC(=O)c1ccc(F)cc1)\c2occc2,0.8306418657302856,0.9994891285896301
CN(C)c1ccc(cc1)C2C(=C(C)NC(=C2C(=O)Nc3ccc(Cl)cc3)C)C(=O)Nc4ccc(Cl)cc4,0.620399534702301,0.20900531113147736
C\C(=N/NC(=O)c1ccc(F)cc1)\c2cccs2,0.9246008992195129,0.8907895088195801
Fc1ccc(cc1)C(=O)N\N=C\c2c(Cl)cccc2Cl,1.0857410430908203,0.8681014180183411
CC1=C(C(C(=C(C)N1)C(=O)Nc2ccc(Cl)cc2)c3cccc(Cl)c3)C(=O)Nc4ccc(Cl)cc4,0.796073853969574,0.41730251908302307
CC1=C(C(C\C=C\c2ccccc2)C(=C(C)N1)C(=O)Nc3ccc(Cl)cc3)C(=O)Nc4ccc(Cl)cc4,0.7454980611801147,0.053172387182712555
CC1=C(CC(=C(C)N1)C(=O)Nc2ccc(Cl)cc2)C(=O)Nc3ccc(Cl)cc3,0.07720665633678436,0.05980868637561798
OC1=C(Br)C(OC1=O)c2ccc(Cl)cc2,0.3716469705104828,1.0422272682189941
Cc1nn(c(C)c1C2OC(=O)C(=C2Br)O)c3ccccc3,0.5680942535400391,0.2153213918209076
OC1=C(Br)C(OC1=O)c2cn(nc2c3ccccc3)c4ccccc4,0.4170689880847931,0.18695025146007538
CC(C)N(CCOc1cc(O)c2C(=O)C=C(Oc2c1)c3ccccc3)C(C)C,0.3860774040222168,-0.044409237802028656
Oc1cc(OCCNC2CCCCC2)cc3OC(=CC(=O)c13)c4ccccc4,0.5865709781646729,0.02344857156276703
CC1(C)CC[C@@]2(CC[C@]3(C)C(=CC[C@@H]4[C@@]5(C)CC[C@H](Cc6ccccc6)C(C)(C)[C@@H]5CC[C@@]34C)[C@@H]2C1)C(=O)O,-0.14177317917346954,0.6777929663658142
Oc1cc(OCCN2CCOCC2)cc3OC(=CC(=O)c13)c4ccccc4,0.3559594452381134,-0.020171690732240677
Oc1cc(OCCN2CCN(CC2)c3ccccc3)cc4OC(=CC(=O)c14)c5ccccc5,0.2131541520357132,0.06954056769609451
Oc1cc(OCCn2ccnc2)cc3OC(=CC(=O)c13)c4ccccc4,0.26311302185058594,-0.0007767575443722308
Cc1nccn1CCOc2cc(O)c3C(=O)C=C(Oc3c2)c4ccccc4,0.1912270337343216,0.05152078717947006
OCCNCCOc1cc(O)c2C(=O)C=C(Oc2c1)c3ccccc3,0.6046742796897888,0.01729452982544899
OCCN(CCO)CCOc1cc(O)c2C(=O)C=C(Oc2c1)c3ccccc3,0.761185884475708,0.08389434218406677
Oc1cc(OCCNc2ccccc2)cc3OC(=CC(=O)c13)c4ccccc4,0.3139389753341675,-0.03706444799900055
CNCCOc1cc(O)c2C(=O)C=C(Oc2c1)c3ccccc3,0.3754601776599884,-0.028633221983909607
CC(C)NCCOc1cc(O)c2C(=O)C=C(Oc2c1)c3ccccc3,0.26355481147766113,-0.0035355263389647007
Nc1ccc(cc1)C(=O)NN=C2C3CCCC2C(NC3c4ccccc4Cl)c5ccccc5Cl,0.7037168741226196,0.7180237174034119
CCCCNCCOc1cc(O)c2C(=O)C=C(Oc2c1)c3ccccc3,0.346924364566803,0.0690479725599289
CC(C)(C)NCCOc1cc(O)c2C(=O)C=C(Oc2c1)c3ccccc3,0.6528437733650208,0.05258018150925636
CN(C)CCOc1cc(O)c2C(=O)C=C(Oc2c1)c3ccccc3,0.010357188060879707,0.1872129738330841
O=C1NC=NC2=C1C(c3ccccc3)c4ccc5cccnc5c4O2,0.3361271917819977,0.1759025603532791
COc1ccc(cc1)C2NC(C3CCCC2C3=NNC(=O)c4ccc(N)cc4)c5ccc(OC)cc5,0.7761428356170654,0.6289254426956177
NC1=NC(=O)NC2=C1C(c3ccccc3)c4ccccc4O2,0.5745234489440918,0.09762518852949142
NC1=NC(=O)NC2=C1C(c3ccccc3)c4ccc(O)cc4O2,0.5244160294532776,0.09030894935131073
NC1=NC(=O)NC2=C1C(c3ccccc3)c4ccc5ccccc5c4O2,0.42047467827796936,0.10799826681613922
NC1=NC(=O)NC2=C1C(c3ccccc3)c4c(O2)ccc5ccccc45,0.6541443467140198,0.12078174203634262
Oc1ccc2C(C3=C(Oc2c1)N=CNC3=O)c4ccccc4,0.07234577089548111,0.17607305943965912
NC1=NC(=O)NC2=C1C(c3ccccc3)c4ccc5cccnc5c4O2,0.3869876265525818,0.10400602221488953
NC1=NC(=S)NC2=C1C(c3ccccc3)c4ccccc4O2,0.04286337271332741,0.24487152695655823
NC1=NC(=S)NC2=C1C(c3ccccc3)c4ccc(O)cc4O2,0.30868327617645264,0.0346701480448246
NC1=NC(=S)NC2=C1C(c3ccccc3)c4ccc5ccccc5c4O2,0.10830993205308914,0.17336471378803253
Nc1ccc(cc1)C(=O)NN=C2C3CCCC2C(NC3c4ccc(Br)cc4)c5ccc(Br)cc5,0.8249394297599792,0.5200633406639099
NC1=NC(=S)NC2=C1C(c3ccccc3)c4c(O2)ccc5ccccc45,0.5340760350227356,0.12662453949451447
NC1=NC(=S)NC2=C1C(c3ccccc3)c4ccc5cccnc5c4O2,0.5364847779273987,0.19194304943084717
S=C1NC2=C(C(c3ccccc3)c4ccccc4O2)C(=S)N1,0.06536919623613358,0.1718592792749405
Oc1ccc2C(C3=C(NC(=S)NC3=S)Oc2c1)c4ccccc4,0.22699333727359772,0.11733539402484894
Nc1ccc(cc1)C(=O)NN=C2C3CCCC2C(NC3c4ccc(F)cc4)c5ccc(F)cc5,0.7466070055961609,0.6521744132041931
S=C1NC2=C(C(c3ccccc3)c4ccc5ccccc5c4O2)C(=S)N1,0.30954352021217346,0.13508029282093048
S=C1NC2=C(C(c3ccccc3)c4c(O2)ccc5ccccc45)C(=S)N1,0.2601868212223053,0.10944952070713043
S=C1NC2=C(C(c3ccccc3)c4ccc5cccnc5c4O2)C(=S)N1,0.43413907289505005,0.1343645453453064
O=C1NC=NC2=C1C(c3ccccc3)c4ccccc4O2,0.46080148220062256,-0.05479976907372475
Nc1ccc(cc1)C(=O)NN=C2C3CCCC2C(NC3c4ccc(Cl)cc4)c5ccc(Cl)cc5,0.6270633339881897,0.7554659247398376
O=C1NC=NC2=C1C(c3ccccc3)c4ccc5ccccc5c4O2,0.4103602170944214,0.026340190321207047
O=C1NC=NC2=C1C(c3ccccc3)c4c(O2)ccc5ccccc45,0.3089595139026642,0.022265009582042694
CC(=O)[C@H]1CC[C@H]2[C@@H]3CC=C4C[C@H](CC[C@]4(C)[C@H]3CC[C@]12C)OC(=O)CCC(=O)O[C@@]5(CC[C@H]6[C@@H]7CCC8=Cc9oncc9C[C@]8(C)[C@H]7CC[C@]56C)C#C,0.12201213091611862,0.5899115800857544
CC(=O)[C@H]1CC[C@H]2[C@@H]3CC=C4C[C@H](CC[C@]4(C)[C@H]3CC[C@]12C)OC(=O)CCC(=O)O[C@@]5(CC[C@H]6[C@@H]7CCC8=C(CNCCN)c9oncc9C[C@]8(C)[C@H]7CC[C@]56C)C#C,0.1670447289943695,0.4501969814300537
Nc1ccc(cc1)C(=O)NN=C2C3CCCC2C(NC3c4ccccc4)c5ccccc5,0.7630425691604614,0.7225542664527893
CC1(C)CC[C@@]2(CC[C@]3(C)C(=CC[C@@H]4[C@@]5(C)CC[C@H](Cc6ccccc6C(=O)O)C(C)(C)[C@@H]5CC[C@@]34C)[C@@H]2C1)C(=O)O,0.12040996551513672,0.8409448266029358
CC1(C)CC[C@]2(CCCCC(=O)NC(Cc3ccccc3)C(=O)O)CC[C@]4(C)C(=CC[C@@H]5[C@@]6(C)CC[C@H](OCc7ccc(cc7)C(=O)O)C(C)(C)[C@@H]6CC[C@@]45C)[C@@H]2C1,0.02552058920264244,0.605664849281311
COc1ccc(CC(NC(=O)C[C@]23CCC(C)(C)C[C@H]2C4=CC[C@@H]5[C@@]6(C)CC[C@H](O)C(C)(C)[C@@H]6CC[C@@]5(C)[C@]4(C)CC3)C(=O)O)cc1OC,0.04521536827087402,0.6904920935630798
COc1cccc2[nH]c3[C@@H](C[C@H]4C[C@@H]5N(CCc6c5[nH]c7ccccc67)C[C@@H]4C=C)NCCc3c12,0.49313193559646606,0.36355912685394287
COc1cc(CC(NC(=O)C[C@]23CCC(C)(C)C[C@H]2C4=CC[C@@H]5[C@@]6(C)CC[C@H](O)C(C)(C)[C@@H]6CC[C@@]5(C)[C@]4(C)CC3)C(=O)O)cc(OC)c1,0.04824219271540642,0.6401263475418091
Cc1ccccc1CC(NC(=O)C[C@]23CCC(C)(C)C[C@H]2C4=CC[C@@H]5[C@@]6(C)CC[C@H](O)C(C)(C)[C@@H]6CC[C@@]5(C)[C@]4(C)CC3)C(=O)O,0.03607329726219177,0.42498695850372314
Cc1ccc(CC(NC(=O)C[C@]23CCC(C)(C)C[C@H]2C4=CC[C@@H]5[C@@]6(C)CC[C@H](O)C(C)(C)[C@@H]6CC[C@@]5(C)[C@]4(C)CC3)C(=O)O)cc1,-0.07971611618995667,0.4017329514026642
COc1ccccc1CC(NC(=O)C[C@]23CCC(C)(C)C[C@H]2C4=CC[C@@H]5[C@@]6(C)CC[C@H](O)C(C)(C)[C@@H]6CC[C@@]5(C)[C@]4(C)CC3)C(=O)O,0.17863829433918,0.7818577289581299
COc1cccc(CC(NC(=O)C[C@]23CCC(C)(C)C[C@H]2C4=CC[C@@H]5[C@@]6(C)CC[C@H](O)C(C)(C)[C@@H]6CC[C@@]5(C)[C@]4(C)CC3)C(=O)O)c1,-0.09762462973594666,0.643979549407959
Cc1c(CN)cnn1O,0.3173438608646393,1.30739426612854
COc1ccc(CC(NC(=O)C[C@]23CCC(C)(C)C[C@H]2C4=CC[C@@H]5[C@@]6(C)CC[C@H](O)C(C)(C)[C@@H]6CC[C@@]5(C)[C@]4(C)CC3)C(=O)O)cc1,0.020292621105909348,0.5592352747917175
CC1(C)CC[C@]2(CC(=O)NC(Cc3ccc4OCOc4c3)C(=O)O)CC[C@]5(C)C(=CC[C@@H]6[C@@]7(C)CC[C@H](O)C(C)(C)[C@@H]7CC[C@@]56C)[C@@H]2C1,-0.03408022224903107,0.6130669116973877
COc1cccc(CC(NC(=O)C[C@]23CCC(C)(C)C[C@H]2C4=CC[C@@H]5[C@@]6(C)CC[C@H](O)C(C)(C)[C@@H]6CC[C@@]5(C)[C@]4(C)CC3)C(=O)O)c1OC,0.04199919104576111,0.6019008755683899
CC1(C)CC[C@@]2(CC[C@]3(C)C(=CC[C@@H]4[C@@]5(C)CC[C@H](O)C(C)(C)[C@@H]5CC[C@@]34C)[C@@H]2C1)C(=O)OCCCCCCCCCCCCC(=O)O,-0.07578860968351364,0.1480211317539215
CC[C@@H]1CN2CCc3c([nH]c4ccccc34)[C@H]2C[C@@H]1CCO,0.5523137450218201,0.7107212543487549
C\C=C/1\CN2CC[C@@]34[C@@H]2C[C@@H]1[C@@H](CO)C3N(C(=O)C)c5ccccc45,0.29489654302597046,0.48087191581726074
C\C=C/1\CN2CC[C@@]34[C@@H]2C[C@@H]1[C@@H](COC(=O)C)[C@@H]3N(C(=O)C)c5ccccc45,0.41908320784568787,0.45699384808540344
C\C=C(\C)/C(=O)O[C@H]1[C@H]2[C@@H](C[C@@H](C)[C@@H]3C=CC(=O)[C@@]13C)OC(=O)[C@H]2C,0.11967241764068604,0.9023389220237732
C[C@H]1N[C@@H](CCCCCCCCCCC(=O)C)CC[C@H]1O,-0.02227173186838627,1.0981069803237915
CC(C)(C)c1ccc(cc1)S(=O)(=O)N2CCN(CC2)C(c3ccccc3)c4ccccc4,0.8884475827217102,0.7938603162765503
COc1cc2CCN(C)[C@H]3Cc4ccc(Oc5cc(C[C@@H]6NCCc7cc8Oc1c(Oc8cc67)c23)ccc5O)cc4,0.6760501265525818,0.3176506459712982
CI.COc1cc2CCN(C)[C@H]3Cc4ccc(Oc5cc(C[C@@H]6N(C)CCc7cc8Oc1c(Oc8cc67)c23)ccc5O)cc4,0.4445112943649292,0.5793139338493347
CN[C@H]1CC[C@]2(C)[C@H]3CC[C@]45C=N[C@@H](C)[C@H]4CC[C@H]5[C@@H]3CC=C2C1,-0.15894190967082977,0.40511468052864075
COc1cc2CCN(C)[C@H]3Cc4ccc(Oc5cc(C[C@H]6NCCc7cc(OC)c(Oc(c1O)c23)cc67)ccc5O)cc4,0.6707181930541992,0.2523815929889679
CC[C@@H]1CN2CC[C@@]34[C@@H]2C[C@@H]1[C@H]5CO[C@H]([C@@H]6[C@H]7C[C@@H]8N(CC[C@]89[C@H]6N(C(=O)C)c%10ccccc9%10)C[C@H]7CC)N([C@H]35)c%11ccccc4%11,0.33213314414024353,0.4732396900653839
CCCN(CC=C)C(=O)C(Cl)Cl,0.08828262984752655,1.2202059030532837
O=C(CSc1nc2ccccc2s1)N\N=C\3/C(=O)Nc4ccccc34,0.5722289085388184,0.06774794310331345
N(\N=C\c1ccc(Oc2ccccc2)cc1)c3nc4ccccc4s3,0.8080135583877563,-0.06169554218649864
[O-][N+](=O)c1ccc(Oc2ccc(\C=N\Nc3nc4ccccc4s3)cc2)cc1,0.8436853885650635,0.10682512074708939
Cc1ccc(Oc2ccc(\C=N\Nc3nc4ccccc4s3)cc2)cc1,0.6847469210624695,-0.07074286043643951
CO[C@@H]1[C@H]2OC(C)(C)O[C@H]2O[C@@H]1[C@@H]3CC(=O)N(C(=O)N3c4occc4)c5ccc(cc5)C#N,0.3156990706920624,0.3526173233985901
Clc1ccc(Oc2ccc(\C=N\Nc3nc4ccccc4s3)cc2)cc1,0.6010928750038147,-0.03546106442809105
Brc1ccc(Oc2ccc(\C=N\Nc3nc4ccccc4s3)cc2)cc1,0.6735718846321106,-0.058189213275909424
Fc1ccc(Oc2ccc(\C=N\Nc3nc4ccccc4s3)cc2)cc1,0.788356602191925,0.00637422502040863
Cc1cc(Oc2ccc(\C=N\Nc3nc4ccccc4s3)cc2)ccc1Cl,0.8145717978477478,-0.0213832538574934
Fc1ccc(CN(Cc2cccc(c2)C3=CC(=O)c4ccccc4O3)C(=O)\C=C\c5ccccc5)cc1,0.7114949822425842,0.08855089545249939
N(\N=C\c1ccc(Oc2ccc3ccccc3c2)cc1)c4nc5ccccc5s4,0.6173810362815857,-0.13406912982463837
C1Oc2ccc(Oc3ccc(\C=N\Nc4nc5ccccc5s4)cc3)cc2O1,-0.0004219287075102329,0.07687010616064072
O=C1Nc2ccccc2/C/1=N/Nc3nc4ccccc4s3,0.5236515998840332,0.043899256736040115
O=C(CSc1nc2ccccc2s1)N\N=C\c3ccc(Oc4ccccc4)cc3,0.7645950317382812,0.033141426742076874
[O-][N+](=O)c1ccc(Oc2ccc(\C=N\NC(=O)CSc3nc4ccccc4s3)cc2)cc1,0.8035328984260559,0.058440543711185455
Cc1ccc(Oc2ccc(\C=N\NC(=O)CSc3nc4ccccc4s3)cc2)cc1,0.8297181129455566,0.01771603524684906
Clc1ccc(Oc2ccc(\C=N\NC(=O)CSc3nc4ccccc4s3)cc2)cc1,0.9279329776763916,0.37222564220428467
Brc1ccc(Oc2ccc(\C=N\NC(=O)CSc3nc4ccccc4s3)cc2)cc1,0.6244397163391113,-0.027709459885954857
Fc1ccc(Oc2ccc(\C=N\NC(=O)CSc3nc4ccccc4s3)cc2)cc1,0.7107016444206238,0.03096861019730568
Cc1cc(Oc2ccc(\C=N\NC(=O)CSc3nc4ccccc4s3)cc2)ccc1Cl,0.8005356192588806,0.09217223525047302
O=C(CSc1nc2ccccc2s1)N\N=C\c3ccc(Oc4ccc5ccccc5c4)cc3,0.7484237551689148,0.0003868232015520334
O=C(CSc1nc2ccccc2s1)N\N=C\c3ccc(Oc4ccc5OCOc5c4)cc3,0.821913480758667,0.21154417097568512
NNC(=O)COc1ccc2ccccc2c1,1.2843860387802124,0.47515973448753357
O=C(COc1cccc2ccccc12)N\N=C\C=C\c3ccccc3,0.5143837928771973,1.1518830060958862
CO[C@@H]1[C@H]2OC(C)(C)O[C@H]2O[C@@H]1[C@@H]3CC(=O)N(C(=O)N3Cc4ccc(OC)cc4)c5cccc(c5)C(=O)C,0.38161686062812805,0.5216670036315918
Oc1ccc2ccccc2c1\C=N\NC(=O)COc3cccc4ccccc34,1.0805753469467163,0.31823965907096863
O=C(COc1cccc2ccccc12)N\N=C\c3c[nH]c4ccccc34,0.9120389223098755,0.10574177652597427
C\C(=N/NC(=O)COc1cccc2ccccc12)\c3ccccc3,0.7403304576873779,1.0905874967575073
C\C(=N/NC(=O)COc1cccc2ccccc12)\c3ccc(Cl)cc3,0.8101764917373657,1.0785322189331055
CO[C@@H]1[C@H]2OC(C)(C)O[C@H]2O[C@@H]1[C@@H]3CC(=O)N(C(=O)N3Cc4ccccc4)c5cc(C)cc(C)c5,0.37841641902923584,0.5297008156776428
C\C(=N/NC(=O)COc1cccc2ccccc12)\c3ccccc3Br,0.8567437529563904,0.8422306180000305
C\C(=N/NC(=O)COc1cccc2ccccc12)\c3ccc(Br)cc3,1.011414885520935,0.722016453742981
C\C(=N/NC(=O)COc1cccc2ccccc12)\c3ccc(cc3Br)C#N,0.47462233901023865,1.0203779935836792
C\C(=N/NC(=O)COc1cccc2ccccc12)\c3cccc(c3)[N+](=O)[O-],0.9869077205657959,0.5171833634376526
CO[C@@H]1[C@H]2OC(C)(C)O[C@H]2O[C@@H]1[C@@H]3CC(=O)N(Cc4ccccc4)C(=O)N3Cc5ccccc5,0.387751042842865,0.6082823276519775
C\C(=N/NC(=O)COc1cccc2ccccc12)\c3ccc(cc3)[N+](=O)[O-],0.7946188449859619,0.9336283206939697
C\C(=N/NC(=O)COc1cccc2ccccc12)\c3ccccc3O,0.7294678688049316,1.0395084619522095
C\C(=N/NC(=O)COc1cccc2ccccc12)\c3ccc(O)cc3,0.5131909847259521,1.1161748170852661
C\C(=N/NC(=O)COc1cccc2ccccc12)\c3ccc(O)cc3O,0.5244407653808594,1.0516349077224731
CO[C@@H]1[C@H]2OC(C)(C)O[C@H]2O[C@@H]1[C@@H]3CC(=O)N(C(=O)N3Cc4ccccc4)c5ccc(C)c(Cl)c5,0.38331812620162964,0.4953066110610962
CC(C)OC(Cc1ccc(OCCc2noc(n2)C3CCCCC3)cc1)C(=O)O,0.873053789138794,0.07918944209814072
CC(C)Cc1ccc(cc1)c2onc(COc3ccc(CC(OC(C)C)C(=O)O)cc3)n2,0.7236167192459106,0.7838352918624878
CC(C)C[C@@H]1N(C[C@H]2O[C@@H]3OC(C)(C)O[C@@H]3[C@H]2OCc4ccccc4)C(=O)N(C1=O)c5cccc(c5)C(=O)C,0.34762221574783325,0.461539089679718
CCCCc1ccc(cc1)N2C(=O)C[C@@H]([C@H]3O[C@@H]4OC(C)(C)O[C@@H]4[C@H]3OC)N(C2=O)c5occc5,0.3868457078933716,0.4133414328098297
COc1ccc(CN2[C@@H](CC(=O)N(C2=O)c3ccc(cc3)C(=O)C)[C@H]4O[C@@H]5OC(C)(C)O[C@@H]5[C@H]4OCc6ccccc6)cc1,0.36710137128829956,0.5115330815315247
CO[C@@H]1[C@H]2OC(C)(C)O[C@H]2O[C@@H]1[C@@H]3CC(=O)N(C(=O)N3c4occc4)c5cccc(c5)C(=O)C,0.4147200882434845,0.4937148094177246
CO[C@@H]1[C@H]2OC(C)(C)O[C@H]2O[C@@H]1[C@@H]3CC(=O)N(C(=O)N3Cc4ccccc4O)c5cccc(c5)C(=O)C,0.4031130373477936,0.5280227661132812
CO[C@@H]1[C@H]2OC(C)(C)O[C@H]2O[C@@H]1[C@@H]3CC(=O)N(Cc4ccccc4)C(=O)N3Cc5ccccc5O,0.41442275047302246,0.45067036151885986
CO[C@@H]1[C@H]2OC(C)(C)O[C@H]2O[C@@H]1[C@@H]3CC(=O)N(C(=O)N3Cc4ccccc4O)c5ccc(C)c(Cl)c5,0.39430224895477295,0.47592276334762573
CO[C@@H]1[C@H]2OC(C)(C)O[C@H]2O[C@@H]1[C@@H]3CC(=O)N(C(=O)N3Cc4ccccc4O)c5ccc(cc5)C#N,0.38031435012817383,0.5424354076385498
CC1(C)O[C@H]2O[C@H]([C@@H]3CC(=O)N(C(=O)N3)c4ccc(Cl)cc4)[C@H](OCc5ccccc5)[C@H]2O1,0.3870665431022644,0.5364491939544678
CO[C@H]1[C@H](O[C@@H]2OC(C)(C)O[C@H]12)[C@@H]3CC(=O)N(C(=O)N3)c4ccc(Cl)cc4,0.1650308519601822,0.44699716567993164
CC(=O)c1ccc(cc1)N2C(=O)C[C@H](NC2=O)[C@H]3O[C@@H]4OC(C)(C)O[C@@H]4[C@H]3OCc5ccccc5,0.3208342492580414,0.6357641816139221
CCCCCCCCCCCCCCCCNC(CC(=O)NO)[C@H]1O[C@@H]2OC(C)(C)O[C@@H]2[C@H]1OCc3ccccc3,0.18115761876106262,0.7639155387878418
CC1(C)O[C@H]2O[C@H](C(CC(=O)NO)N3CCCCC3)[C@H](OCc4ccccc4)[C@H]2O1,0.6949762105941772,0.4802890717983246
CCOC(=O)CC([C@H]1O[C@@H]2OC(C)(C)O[C@@H]2[C@H]1OC)N3CCC[C@H]3C(=O)OCC4c5ccccc5c6ccccc46,0.267123281955719,0.39595234394073486
CCOC(=O)CC([C@H]1O[C@@H]2OC(C)(C)O[C@@H]2[C@H]1OC)N3CCC[C@H]3C(=O)O,0.5256374478340149,0.03346652910113335
Clc1ccc(CN(Cc2cccc(c2)C3=CC(=O)c4ccccc4O3)C(=O)\C=C\c5ccccc5)cc1,0.32786262035369873,0.03828847035765648
CCOC(=O)CC(N[C@@H](C(C)C)C(=O)O)[C@H]1O[C@@H]2OC(C)(C)O[C@@H]2[C@H]1OC,-0.07989517599344254,0.49621641635894775
CCOC(=O)CC([C@H]1O[C@@H]2OC(C)(C)O[C@@H]2[C@H]1OC)N(Cc3ccccc3O)C(=O)Nc4cccc(c4)C(=O)C,0.26927587389945984,0.6309295892715454
CCOC(=O)CC([C@H]1O[C@@H]2OC(C)(C)O[C@@H]2[C@H]1OC)N(Cc3ccccc3O)C(=O)NCc4ccccc4,0.4258997440338135,0.42712342739105225
CCOC(=O)CC(NC(=O)Nc1ccccc1)[C@H]2O[C@@H]3OC(C)(C)O[C@@H]3[C@H]2OCc4ccccc4,0.290400892496109,0.6355767846107483
CCOC(=O)CC([C@H]1O[C@@H]2OC(C)(C)O[C@@H]2[C@H]1OCc3ccccc3)N(Cc4ccccc4)C(=O)NCc5ccccc5,0.4846484363079071,0.6331257820129395
CN1c2c(C)n(nc2c3ccccc3S1(=O)=O)c4ccc(cc4)C(=O)\C=C\c5cccc(Cl)c5,0.3847315311431885,0.28312385082244873
CCOC(=O)CC([C@H]1O[C@@H]2OC(C)(C)O[C@@H]2[C@H]1OC)N(CCC(C)CC(C)C)C(=O)NCc3ccccc3,0.28547975420951843,0.6842743158340454
CCOC(=O)CC([C@H]1O[C@@H]2OC(C)(C)O[C@@H]2[C@H]1OCc3ccccc3)N(C(=O)Nc4ccc(Cl)cc4)c5occc5,0.41490983963012695,0.5173119902610779
CCCCN(C(CC(=O)OCC)[C@H]1O[C@@H]2OC(C)(C)O[C@@H]2[C@H]1OC)C(=S)Nc3cccc(Cl)c3,0.3044903576374054,0.7087761759757996
CCCCN(C(CC(=O)OCC)[C@H]1O[C@@H]2OC(C)(C)O[C@@H]2[C@H]1OC)C(=S)Nc3ccccc3Cl,0.09894933551549911,0.3861526548862457
CO[C@H]1[C@H](O[C@@H]2OC(C)(C)O[C@H]12)[C@H](CC(=O)N)N(C3O[C@H]4OC(C)(C)O[C@H]4[C@@H]3OC)C(=O)Nc5ccc(C)c(Cl)c5,0.3402728736400604,0.47762006521224976
CO[C@H]1[C@H](O[C@@H]2OC(C)(C)O[C@H]12)[C@H](CC(=O)N)N(C3O[C@H]4OC(C)(C)O[C@H]4[C@@H]3OC)C(=O)Nc5cccc(c5)C(=O)C,0.3682003319263458,0.5096957087516785
CO[C@H]1[C@H](O[C@@H]2OC(C)(C)O[C@H]12)[C@H](CC(=O)N)N(C3O[C@H]4OC(C)(C)O[C@H]4[C@@H]3OC)C(=O)NCc5ccccc5,0.3006400167942047,0.5744109749794006
Fc1ccc(cc1)c2cc3ccccc3[nH]2,-0.1944899708032608,0.4614030718803406
Clc1ccc(cc1Cl)c2cc3ccccc3[nH]2,0.9929613471031189,0.09850415587425232
[O-][N+](=O)c1cc(c2[nH]c(cc2c1)c3ccccc3)[N+](=O)[O-],-0.0059530120342969894,0.3629229962825775
[O-][N+](=O)c1cc(ccc1Cl)c2cc3ccccc3[nH]2,0.0413406677544117,0.03138149902224541
Fc1ccc(cc1)c2[nH]c3ccccc3c2C=O,0.2328319251537323,-0.05213867127895355
Clc1ccc(cc1)c2[nH]c3ccccc3c2C=O,-0.013473447412252426,0.5207000374794006
Nc1ccc(cc1)c2[nH]c3ccccc3c2C=O,0.8914430141448975,0.18926331400871277
[O-][N+](=O)c1cc(ccc1Cl)c2[nH]c3ccccc3c2C=O,0.20637086033821106,0.6315943598747253
Cc1ccc(cc1)c2cc(N)cc(c2)c3ccccc3,0.5409202575683594,1.2443434000015259
Cc1ccc(cc1)c2cc(N)cc(c2)c3ccc(C)cc3,0.4324437975883484,1.303305983543396
Nc1cc(cc(c1)c2ccc(Cl)cc2)c3ccccc3,0.3857009708881378,1.292458415031433
Nc1cc(cc(c1)c2ccc(Cl)cc2)c3ccc(Cl)cc3,0.3413248360157013,1.2066020965576172
CCOc1ccc(cc1)c2cc(N)cc(c2)c3ccccc3,0.5011221766471863,1.214102029800415
CCOc1ccc(cc1)c2cc(N)cc(c2)c3ccc(OCC)cc3,0.5972903370857239,1.2542264461517334
COc1ccc(cc1)c2cc(N)cc(c2)c3ccccc3,0.4671817421913147,1.2710552215576172
CSc1ccc(cc1)c2cc(N)cc(c2)c3ccccc3,0.3515411913394928,1.282515525817871
COC(=O)c1cc(Cl)nn1C,1.0974425077438354,0.1342194676399231
CS(=O)(=O)c1ccc(cc1)c2cc(N)cc(c2)c3ccccc3,-0.0650830939412117,-0.06454034149646759
Cc1c(CC(=O)O)cc(cc1c2ccccc2)c3ccccc3,0.3760493993759155,1.157090187072754
COc1ccccc1C(=O)N2C=C(C)N(C2=S)c3ccccc3,0.18330343067646027,0.5417917966842651
COc1ccccc1C(=O)N2C=C(C)N(C2=S)c3ccccc3Cl,0.10091613978147507,0.34926316142082214
COc1ccccc1C(=O)N2C=C(C)N(C2=S)c3cccc(Cl)c3,0.1594916135072708,0.6076577305793762
COc1ccccc1C(=O)N2C=C(C)N(C2=S)c3ccc(Cl)cc3,0.6027442812919617,0.32346898317337036
COc1ccccc1C(=O)N2C=C(C)N(C2=S)c3ccc(Br)cc3,0.1595982015132904,0.5495486259460449
COc1ccccc1C(=O)N2C=C(C)N(C2=S)c3ccccc3C,0.3478906750679016,0.5810398459434509
COc1ccccc1C(=O)N2C=C(C)N(C2=S)c3cccc(C)c3,0.15450075268745422,0.26651811599731445
COc1ccccc1N2C(=CN(C(=O)c3ccccc3OC)C2=S)C,0.14629442989826202,0.5881196856498718
COc1cccc(c1)N2C(=CN(C(=O)c3ccccc3OC)C2=S)C,0.5930807590484619,0.563234806060791
CC1=CN(C(=O)c2cccc(C)c2)C(=S)N1c3ccccc3Cl,0.26957207918167114,0.6099422574043274
CC1=CN(C(=O)c2cccc(C)c2)C(=S)N1c3cccc(Cl)c3,0.11343177407979965,0.5639398097991943
CC1=CN(C(=O)c2cccc(C)c2)C(=S)N1c3ccc(Cl)cc3,0.19586479663848877,0.2647894024848938
CC1=CN(C(=O)c2cccc(C)c2)C(=S)N1c3ccc(Br)cc3,0.2959631681442261,0.8124839067459106
CC1=CN(C(=O)c2cccc(C)c2)C(=S)N1c3ccccc3C,0.02555660903453827,0.4896829128265381
CC1=CN(C(=O)c2cccc(C)c2)C(=S)N1c3cccc(C)c3,0.07140493392944336,0.31629592180252075
COc1ccccc1N2C(=CN(C(=O)c3cccc(C)c3)C2=S)C,0.20581097900867462,0.5827376246452332
COc1cccc(c1)N2C(=CN(C(=O)c3cccc(C)c3)C2=S)C,0.13069415092468262,0.2719922363758087
CC1=CN(C(=O)c2ccc(C)cc2)C(=S)N1c3ccccc3,0.7120442390441895,0.11771531403064728
CC1=CN(C(=O)c2ccc(C)cc2)C(=S)N1c3ccccc3Cl,0.1588537096977234,0.3011551797389984
CC1=CN(C(=O)c2ccc(C)cc2)C(=S)N1c3cccc(Cl)c3,0.02163851633667946,0.5682991743087769
CC1=CN(C(=O)c2ccc(C)cc2)C(=S)N1c3ccc(Cl)cc3,0.07357633858919144,0.29855409264564514
CC1=CN(C(=O)c2ccc(C)cc2)C(=S)N1c3ccc(Br)cc3,0.031546108424663544,0.4524528980255127
CC1=CN(C(=O)c2ccc(C)cc2)C(=S)N1c3ccccc3C,0.19407688081264496,0.15659897029399872
CC1=CN(C(=O)c2ccc(C)cc2)C(=S)N1c3cccc(C)c3,0.49262142181396484,0.18994773924350739
COc1ccccc1N2C(=CN(C(=O)c3ccc(C)cc3)C2=S)C,0.41741928458213806,0.654957115650177
COc1cccc(c1)N2C(=CN(C(=O)c3ccc(C)cc3)C2=S)C,0.28802481293678284,0.7283360362052917
Clc1ccc(CNCc2cccc(c2)C3=CC(=O)c4ccccc4O3)cc1Cl,0.9113697409629822,0.5080778002738953
O=C(\C=C\c1ccccc1)N(Cc2ccccc2)Cc3cccc(c3)C4=CC(=O)c5ccccc5O4,0.5162279009819031,0.8036750555038452
Clc1ccc(CN(Cc2cccc(c2)C3=CC(=O)c4ccccc4O3)C(=O)\C=C\c5ccccc5)c(Cl)c1,0.25620314478874207,0.10665398836135864
Clc1ccc(CN(Cc2cccc(c2)C3=CC(=O)c4ccccc4O3)C(=O)\C=C\c5ccccc5)cc1Cl,0.5160307288169861,0.09479428082704544
O=C1C=C(Oc2ccccc12)c3cccc(CNCc4ccccc4)c3,0.5322310328483582,-0.12697356939315796
Fc1ccc(CNCc2cccc(c2)C3=CC(=O)c4ccccc4O3)cc1,0.8440306782722473,0.19774478673934937
Clc1ccc(CNCc2cccc(c2)C3=CC(=O)c4ccccc4O3)cc1,0.12267064303159714,-0.013184253126382828
Clc1ccc(CNCc2cccc(c2)C3=CC(=O)c4ccccc4O3)c(Cl)c1,0.2463446855545044,-0.01401310134679079
CS(=O)(=O)N1CCN(CC1)C(c2ccccc2)c3ccccc3,0.8323227167129517,1.0347132682800293
Cc1ccc(cc1)S(=O)(=O)N2CCN(CC2)C(c3ccccc3)c4ccccc4,0.532890796661377,1.1521106958389282
Clc1ccc(cc1)S(=O)(=O)N2CCN(CC2)C(c3ccccc3)c4ccccc4,0.5899127125740051,1.0571297407150269
Sc1oc(nn1)c2cccc(Cl)c2,0.28549402952194214,1.183005690574646
Cc1onc(C)c1S(=O)(=O)N2CCN(CC2)C(c3ccccc3)c4ccccc4,0.7686002850532532,0.727672278881073
CCC1C(N(C(CC1=O)c2ccc(Cl)cc2)C(=O)CCl)c3ccc(Cl)cc3,0.7970656752586365,0.37971895933151245
CC1C(N(C(C(C)C1=O)c2ccc(Cl)cc2)C(=O)CCl)c3ccc(Cl)cc3,0.38526156544685364,0.8577862977981567
COc1ccc(cc1)C2CC(=O)C(C)C(N2C(=O)CCl)c3ccc(OC)cc3,0.830621600151062,0.6008800864219666
NC(Cc1occc1)C(=O)O,1.0859946012496948,1.0059411525726318
COc1ccc(cc1)C2C(C)C(=O)C(C)C(N2C(=O)CCl)c3ccc(OC)cc3,0.5879343152046204,0.7992512583732605
CC1C(N(C(CC1=O)c2ccc(C)cc2)C(=O)CCl)c3ccc(C)cc3,0.8993315696716309,0.562095046043396
CC1C(N(C(C(C)C1=O)c2ccc(C)cc2)C(=O)CCl)c3ccc(C)cc3,0.6355496048927307,0.9571640491485596
ClCC(=O)N1C(CC(=O)CC1c2ccccc2)c3ccccc3,0.9172056913375854,0.696431040763855
[O-][N+](=O)c1ccccc1\C=N\N=C\2/C[C@H](S[C@H](C2)c3ccccc3)c4ccccc4,0.8906064033508301,0.2163376361131668
CC1C(N(C(CC1=O)c2ccccc2)C(=O)CCl)c3ccccc3,0.853011429309845,0.6170368194580078
CC(C)C1C(N(C(CC1=O)c2ccccc2)C(=O)CCl)c3ccccc3,0.807388424873352,0.5181753039360046
Fc1ccc(cc1)C(=O)N\N=C\c2cccc(Oc3ccccc3)c2,1.0698734521865845,0.7253482341766357
Oc1c(Cl)cc(Cl)cc1\C=N\NC(=O)c2ccc(F)cc2,1.018653392791748,0.7200865745544434
Fc1ccc(cc1)C(=O)N\N=C\c2cc(Cl)cc(Cl)c2,0.7341751456260681,1.1217753887176514
Fc1ccc(cc1)C(=O)N\N=C\c2ccc(Cl)cc2Cl,1.0107111930847168,0.8599396347999573
CN(C)CCCOc1ccc(\C=N\NC(=O)c2ccc(F)cc2)cc1,0.9182287454605103,0.9689210057258606
Fc1ccc(cc1)C(=O)N\N=C\c2cccc(F)c2,0.9150193929672241,1.1401609182357788
C\C(=N/NC(=O)c1ccc(F)cc1)\c2ccc[nH]2,1.0981121063232422,0.25976359844207764
C\C(=N/NC(=O)c1ccc(F)cc1)\c2ccc(Cl)s2,1.0880885124206543,0.24836264550685883
COc1cc(ccc1O)C2CC(=NN2)C(=NNc3ccc(cc3)[N+](=O)[O-])C4=NNC(C4)c5ccc(O)c(OC)c5,0.6446316242218018,0.7013550996780396
C\C(=N/NC(=O)c1ccc(F)cc1)\c2ccccc2,0.9873209595680237,0.9191637635231018
C\C(=N/NC(=O)c1ccc(F)cc1)\c2ccc(Br)s2,0.9470682144165039,0.7086734175682068
C\C(=N/NC(=O)c1ccc(F)cc1)\C=C,1.1360900402069092,0.7435175776481628
CC\C(=N/NC(=O)c1ccc(F)cc1)\c2ccccc2,0.8184508681297302,1.0775744915008545
Brc1ccccc1NC(=S)Nc2nc3c(ccc4ccccc34)s2,0.5747453570365906,-0.08181057870388031
COc1cc(\C=C\C(=O)\C(=N/Nc2ccc(cc2)[N+](=O)[O-])\C3=NC(=S)NC(C3)c4ccc(O)c(OC)c4)ccc1O,0.5887597799301147,0.2257447987794876
Brc1ccc(NC(=S)Nc2nc3c(ccc4ccccc34)s2)cc1,0.4755384624004364,-0.08346662670373917
Clc1ccccc1NC(=S)Nc2nc3c(ccc4ccccc34)s2,0.35925954580307007,-0.07895416021347046
Clc1ccc(NC(=S)Nc2nc3c(ccc4ccccc34)s2)cc1,0.4410514533519745,-0.12116313725709915
[O-][N+](=O)c1ccccc1NC(=S)Nc2nc3c(ccc4ccccc34)s2,0.4839741885662079,0.016542701050639153
COc1cc(ccc1O)C2ONC(=C2)C(=NNc3ccc(cc3)[N+](=O)[O-])C4=CC(ON4)c5ccc(O)c(OC)c5,0.577120304107666,0.6617711782455444
[O-][N+](=O)c1ccc(NC(=S)Nc2nc3c(ccc4ccccc34)s2)cc1,0.5837871432304382,-0.01811765693128109
Cc1ccccc1NC(=S)Nc2nc3c(ccc4ccccc34)s2,0.4940773844718933,-0.0376225970685482
Cc1ccc(NC(=S)Nc2nc3c(ccc4ccccc34)s2)cc1,0.5039178133010864,-0.054248832166194916
O=C(Nc1ccccc1)Nc2nc3c(ccc4ccccc34)s2,0.4401665925979614,-0.10275346785783768
S=C(Nc1ccccc1)Nc2nc3c(ccc4ccccc34)s2,0.5348284244537354,-0.06388848274946213
COc1ccc(NC(=O)Nc2nc3c(ccc4ccccc34)s2)cc1,0.4451258182525635,-0.07361243665218353
COc1ccccc1NC(=O)Nc2nc3c(ccc4ccccc34)s2,0.5942861437797546,0.08654266595840454
COc1ccc(NC(=O)Nc2nc3c(ccc4ccccc34)s2)c(OC)c1,0.44095176458358765,-0.03299710154533386
COc1cc(NC(=O)Nc2nc3c(ccc4ccccc34)s2)cc(OC)c1OC,0.39927583932876587,-0.01161879301071167
Fc1cc2C(=O)C(=CN(C3CC3)c2cc1N4CCNCC4)c5oc(COc6ccccc6)nn5,0.2974289655685425,0.48328086733818054
O=C(Nc1ccc(Oc2ccccc2)cc1)Nc3nc4c(ccc5ccccc45)s3,0.49495694041252136,-0.054276030510663986
Fc1ccccc1NC(=O)Nc2nc3c(ccc4ccccc34)s2,0.48835793137550354,-0.069388747215271
Fc1ccc(NC(=O)Nc2nc3c(ccc4ccccc34)s2)cc1,0.3051309883594513,-0.10002074390649796
Brc1ccccc1NC(=O)Nc2nc3c(ccc4ccccc34)s2,0.4759954810142517,-0.060521893203258514
COc1cc(\C=C\C(=O)C(=NNc2ccc(Cl)cc2)C(=O)\C=C\c3ccc(O)c(OC)c3)ccc1O,1.0806721448898315,0.2903386950492859
Brc1ccc(NC(=O)Nc2nc3c(ccc4ccccc34)s2)cc1,0.40939703583717346,-0.06198209896683693
Clc1ccccc1NC(=O)Nc2nc3c(ccc4ccccc34)s2,0.40780550241470337,-0.046237584203481674
Clc1ccc(NC(=O)Nc2nc3c(ccc4ccccc34)s2)cc1,0.40266507863998413,-0.08174488693475723
FC(F)(F)c1ccc(Cl)c(NC(=O)Nc2nc3c(ccc4ccccc34)s2)c1,0.42977121472358704,-0.008510763756930828
COc1cc(\C=C\C(=O)C(=NNc2ccc(cc2)[N+](=O)[O-])C(=O)\C=C\c3ccc(O)c(OC)c3)ccc1O,0.00775839202105999,0.7651808857917786
[O-][N+](=O)c1ccccc1NC(=O)Nc2nc3c(ccc4ccccc34)s2,0.638480007648468,-0.007296426221728325
[O-][N+](=O)c1ccc(NC(=O)Nc2nc3c(ccc4ccccc34)s2)cc1,0.4680825471878052,-0.016410402953624725
Cc1ccccc1NC(=O)Nc2nc3c(ccc4ccccc34)s2,0.36636924743652344,-0.05293048173189163
Cc1ccc(NC(=O)Nc2nc3c(ccc4ccccc34)s2)cc1,0.5049317479133606,-0.06883849948644638
COc1cc(\C=C\C(=O)\C(=N/Nc2ccc(cc2)[N+](=O)[O-])\C(=O)C(Br)C(Br)c3ccc(O)c(OC)c3)ccc1O,0.5618200302124023,0.13603399693965912
COc1ccc(NC(=S)Nc2nc3c(ccc4ccccc34)s2)cc1,0.3479703664779663,-0.027090128511190414
COc1ccccc1NC(=S)Nc2nc3c(ccc4ccccc34)s2,0.46489444375038147,-0.07705359905958176
Fc1ccccc1NC(=S)Nc2nc3c(ccc4ccccc34)s2,0.38826972246170044,-0.09732970595359802
Fc1ccc(NC(=S)Nc2nc3c(ccc4ccccc34)s2)cc1,0.5146364569664001,-0.10121608525514603
CSc1ccc(\C=C\C(=O)c2ccc(F)cc2)cc1,0.5344478487968445,1.1623717546463013
CSc1ccc(\C=C\C(=O)c2ccc(cc2)c3ccccc3)cc1,1.1416980028152466,0.23304443061351776
CSc1ccc(\C=C\C(=O)c2cccs2)cc1,0.5522174835205078,1.2270126342773438
CSc1ccc(\C=C\C(=O)c2ccc(Br)s2)cc1,1.0799660682678223,0.14304514229297638
OC(=O)c1cc(nc2cc(ccc12)N3CCNCC3)c4ccccc4,0.2275943160057068,0.0777510330080986
NS(=O)(=O)c1ccc(Nc2ccc3c(cc(nc3c2)c4ccccc4)C(=O)O)cc1,0.2720954418182373,0.088983453810215
NC(=O)Nc1ccc2c(cc(nc2c1)c3ccccc3)C(=O)O,-0.054837703704833984,0.37923547625541687
NC(=S)Nc1ccc2c(cc(nc2c1)c3ccccc3)C(=O)O,0.6902933716773987,0.2437085062265396
OC(=O)c1cc(nc2cc(Nc3nccs3)ccc12)c4ccccc4,0.36181893944740295,0.058487869799137115
COc1ccc(Nc2ccc3c(cc(nc3c2)c4ccccc4)C(=O)O)cc1,0.38154956698417664,0.8274385929107666
COc1cc(ccc1O)C2CC(=NC(=S)N2)C(=NNc3ccc(cc3)[N+](=O)[O-])C4=NC(=S)NC(C4)c5ccc(O)c(OC)c5,0.775093674659729,0.5513733625411987
OC(=O)CNc1ccc2c(cc(nc2c1)c3ccccc3)C(=O)O,0.20451855659484863,0.7918990850448608
OC(=O)c1cc(nc2cc(Nn3cnnc3)ccc12)c4ccccc4,0.18129096925258636,0.19618529081344604
OC(=O)c1cc(nc2cc(Nc3ccncc3)ccc12)c4ccccc4,0.4163467586040497,-0.0017737816087901592
OC(=O)c1cc(nc2cc(Cl)ccc12)c3ccccc3,0.00577633548527956,0.7172002792358398
Cc1ccc(Nc2ccc3c(cc(nc3c2)c4ccccc4)C(=O)O)cc1,0.055333979427814484,0.18975789844989777
OC(=O)c1cc(nc2cc(Nc3ccc(cc3)[N+](=O)[O-])ccc12)c4ccccc4,0.08802257478237152,0.47505277395248413
OC(=O)c1cc(nc2cc(Nc3ccccc3)ccc12)c4ccccc4,0.14690716564655304,0.7792666554450989
COc1ccc(NN=C(C(=O)\C=C\c2ccc(O)c(OC)c2)C(=O)\C=C\c3ccc(O)c(OC)c3)cc1,0.9511386156082153,0.1376509964466095
COc1cc(\C=C\C(=O)C(=NNc2ccc(C)cc2)C(=O)\C=C\c3ccc(O)c(OC)c3)ccc1O,1.0491523742675781,0.5194265842437744
COc1cc(\C=C\C(=O)C(=NNc2ccccc2)C(=O)\C=C\c3ccc(O)c(OC)c3)ccc1O,0.46707868576049805,1.0587810277938843
CCN1C=C(C(=O)c2cc(F)c(cc12)N3CCNCC3)c4oc(nn4)c5ccccc5,0.2317914217710495,0.42385098338127136
CCOC(=O)C(C(CC(=O)C(=NNc1ccc(Cl)cc1)C(=O)CC(C(C(=O)C)C(=O)OCC)c2ccc(O)c(OC)c2)c3ccc(O)c(OC)c3)C(=O)C,0.4644152820110321,0.8358902335166931
COc1cc(\C=C\c2cc(\C=C\c3ccc(O)c(OC)c3)n(NN)n2)ccc1O,1.0036869049072266,0.1918027400970459
COc1cc(\C=C\c2cc(\C=C\c3ccc(O)c(OC)c3)n(N=O)n2)ccc1O,0.9459520578384399,0.13731282949447632
COc1cc(\C=C\c2cc(\C=C\c3ccc(O)c(OC)c3)n(n2)C(=O)CCl)ccc1O,0.7124073505401611,0.08504766970872879
CC[C@H]1OC(=O)[C@H](C)[C@@H](O)[C@H](C)[C@@H](O[C@@H]2O[C@H](C)C[C@@H]([C@H]2O)N(C)C)[C@](C)(O)C[C@@H](C)CN(CCCNC(=O)[C@H]3[C@H](C)C[C@H]4[C@@H]5CCC6=CC(=O)C=C[C@]6(C)[C@@]5(F)[C@@H](O)C[C@]34C)[C@H](C)[C@@H](O)[C@]1(C)O,0.1581333577632904,0.3768020272254944
COc1cc(\C=C\c2cc(\C=C\c3cc(OC)c(O)c(c3)N=Nc4ccc(Cl)cc4)[nH]n2)cc(N=Nc5ccc(Cl)cc5)c1O,0.9489861726760864,0.3633540868759155
COc1cc(\C=C\c2cc(\C=C\c3cc(OC)c(O)c(c3)N=Nc4ccc(Cl)cc4)n(C=O)n2)cc(N=Nc5ccc(Cl)cc5)c1O,0.5263999700546265,0.8075815439224243
COc1cc(\C=C\c2cc(\C=C\c3cc(OC)c(O)c(c3)N=Nc4ccc(Cl)cc4)n(CO)n2)cc(N=Nc5ccc(Cl)cc5)c1O,0.766174852848053,0.14104659855365753
CN(C)c1ccc(\C=C\C(=O)c2ccc(O)cc2O)cc1,0.9982648491859436,0.1571306586265564
Oc1ccc(C(=O)\C=C\c2ccccc2[N+](=O)[O-])c(O)c1,0.9730949997901917,0.26971709728240967
CCN(CC)C(=O)c1ccccc1N,0.8100818991661072,1.1412792205810547
Oc1ccc(C(=O)\C=C\c2cccc(c2)[N+](=O)[O-])c(O)c1,1.0210847854614258,0.34541821479797363
Cc1ccsc1c2nc3ccc4C(=O)c5ccccc5C(=O)c4c3[nH]2,0.20329168438911438,0.7471321225166321
Cc1ccc(s1)c2nc3ccc4C(=O)c5ccccc5C(=O)c4c3[nH]2,0.14616729319095612,0.5617510080337524
Cn1cccc1c2nc3ccc4C(=O)c5ccccc5C(=O)c4c3[nH]2,0.7126432061195374,0.2472800463438034
Cn1cccc1c2nc3cc4nc5ccccc5nc4cc3[nH]2,0.7397523522377014,-0.16665492951869965
O=C1c2ccccc2C(=O)c3c1ccc4nc([nH]c34)c5ccc6ccccc6c5,0.17378558218479156,0.0432877354323864
Oc1ccc2ccccc2c1c3nc4ccc5C(=O)c6ccccc6C(=O)c5c4[nH]3,0.23519816994667053,0.6887745261192322
Cc1ccsc1c2nc3cc4nc5ccccc5nc4cc3[nH]2,0.7598068118095398,-0.1035623624920845
Cc1ccc(s1)c2nc3cc4nc5ccccc5nc4cc3[nH]2,0.7632293105125427,-0.0622834749519825
CCCCNC(=O)c1ccccc1N,1.0443873405456543,0.9257192611694336
c1ccc2c(cccc2c1)c3nc4cc5nc6ccccc6nc5cc4[nH]3,0.5198518633842468,-0.15716736018657684
c1ccc2cc(ccc2c1)c3nc4cc5nc6ccccc6nc5cc4[nH]3,0.7654955387115479,-0.14080043137073517
Oc1ccc2ccccc2c1c3nc4cc5nc6ccccc6nc5cc4[nH]3,0.10308803617954254,-0.023810172453522682
Cc1ccsc1\C=N/C(=N)Nc2nc3ccccc3[nH]2,0.08676061779260635,-0.040291234850883484
CO[C@H]1[C@H](O[C@@H]2OC(C)(C)O[C@H]12)[C@H](CC(=O)N)N(Cc3ccc(OC)cc3)C(=O)NCc4ccccc4,0.34301137924194336,0.7275160551071167
Cc1ccc(\C=N/C(=N)Nc2nc3ccccc3[nH]2)s1,1.01563560962677,0.031456563621759415
Cn1cccc1\C=N\C(=N)Nc2nc3ccccc3[nH]2,0.18158650398254395,0.9934899210929871
N=C(Nc1nc2ccccc2[nH]1)\N=C\c3cccc4ccccc34,0.3164173662662506,1.0393409729003906
N=C(Nc1nc2ccccc2[nH]1)\N=C/c3ccc4ccccc4c3,0.3680807948112488,1.0810741186141968
Oc1ccc2ccccc2c1\C=N\C(=N)Nc3nc4ccccc4[nH]3,0.24102817475795746,1.0108689069747925
[Br-].[Br-].Clc1ccccc1N2CCN(CC2)C(=O)c3ccc[n+](Cc4ccc(C[n+]5cccc(c5)C(=O)N6CCN(CC6)c7ccccc7Cl)cc4)c3,0.8202229142189026,0.37976402044296265
Cl.Clc1ccccc1N2CCN(CC2)C(=O)c3cccnc3,1.0927050113677979,0.4373033940792084
Cl.O=C(N1CCN(CC1)c2ncccn2)c3cccnc3,0.9812472462654114,0.7983745336532593
[Cl-].Clc1ccccc1N2CCN(CC2)C(=O)c3ccc[n+](Cc4ccccc4)c3,0.8463689088821411,0.21734775602817535
[Br-].[Br-].O=C(N1CCN(CC1)c2ncccn2)c3ccc[n+](Cc4ccc(C[n+]5cccc(c5)C(=O)N6CCN(CC6)c7ncccn7)cc4)c3,0.9398863911628723,0.1756359338760376
[Cl-].Fc1ccccc1C[n+]2cccc(c2)C(=O)N3CCN(CC3)c4ccccc4Cl,0.7947256565093994,0.3959464132785797
[Cl-].Fc1ccc(C[n+]2cccc(c2)C(=O)N3CCN(CC3)c4ccccc4Cl)cc1,0.8917948603630066,0.4437543451786041
[Br-].Clc1ccccc1N2CCN(CC2)C(=O)c3ccc[n+](Cc4ccc(Br)cc4)c3,0.8196069002151489,0.6726055145263672
[Cl-].COc1cc(cc(OC)c1OC)C(=O)[n+]2cccc(c2)C(=O)N3CCN(CC3)c4ccccc4Cl,0.6422213315963745,0.6116299033164978
CN(C)C(=O)c1ccccc1N,0.830746591091156,1.1266906261444092
[Br-].Brc1ccc(C[n+]2cccc(c2)C(=O)N3CCN(CC3)c4ncccn4)cc1,0.8971924185752869,0.29707038402557373
Cl.Clc1ccccc1N2CCN(CC2)C(=O)C3CCCN(Cc4ccccc4)C3,0.5602961182594299,0.985510528087616
Cl.Fc1ccccc1CN2CCCC(C2)C(=O)N3CCN(CC3)c4ccccc4Cl,0.8450757265090942,0.6299194097518921
Cl.Fc1ccc(CN2CCCC(C2)C(=O)N3CCN(CC3)c4ccccc4Cl)cc1,0.9663996696472168,0.6321186423301697
Br.Clc1ccccc1N2CCN(CC2)C(=O)C3CCCN(Cc4ccc(Br)cc4)C3,0.908672571182251,0.5188881158828735
Br.[O-][N+](=O)c1ccc(CN2CCCC(C2)C(=O)N3CCN(CC3)c4ccccc4Cl)cc1,0.5171213746070862,0.9563755989074707
Cl.Clc1ccccc1N2CCN(CC2)C(=O)C3CCCN(C3)C(=O)c4ccc(Br)cc4,0.7393198609352112,0.7439314723014832
Br.Brc1ccc(CN2CCCC(C2)C(=O)N3CCN(CC3)c4ccccn4)cc1,0.43726328015327454,0.9712878465652466
Cl.COc1cc(cc(OC)c1OC)C(=O)N2CCCC(C2)C(=O)N3CCN(CC3)c4ncccn4,0.7599297761917114,0.7094743251800537
Br.Clc1ccccc1N2CCN(CC2)C(=O)C3CCCN(Cc4ccc(CN5CCCC(C5)C(=O)N6CCN(CC6)c7ccccc7Cl)cc4)C3,0.547369122505188,1.0319021940231323
Cl.Cl.O=C(C1CCCN(Cc2ccc(CN3CCCC(C3)C(=O)N4CCN(CC4)c5ncccn5)cc2)C1)N6CCN(CC6)c7ncccn7,0.7362120747566223,0.9824137687683105
[Cl-].[Cl-].O=C(N1CCN(CC1)C(=O)c2ccc[n+](Cc3ccccc3)c2)c4ccc[n+](Cc5ccccc5)c4,0.8248177766799927,0.9310582876205444
Cl.Cl.O=C(C1CCCN(Cc2ccccc2)C1)N3CCN(CC3)C(=O)C4CCCN(Cc5ccccc5)C4,0.6730343699455261,1.1343780755996704
Clc1ccccc1C2=CC(=O)c3ccccc3O2,0.21727578341960907,-0.08295374363660812
Clc1cc(I)c2OC(=CC(=O)c2c1)c3ccccc3,-0.002976615447551012,0.6075406670570374
Cc1c(Cl)cc2C(=O)C=C(Oc2c1I)c3ccccc3,0.25478851795196533,0.1077708750963211
Cc1c(Cl)cc2C(=O)C=C(Oc2c1I)c3ccc(Cl)cc3Cl,0.47267216444015503,0.13455595076084137
Clc1ccc(C2=CC(=O)c3cc(Cl)cc(I)c3O2)c(Cl)c1,0.05077921599149704,0.15568776428699493
CC1(C)CC[C@]2(CC(=O)NC(Cc3ccccc3)C(=O)O)CC[C@]4(C)C(=CC[C@@H]5[C@@]6(C)CC[C@H](O)C(C)(C)[C@@H]6CC[C@@]45C)[C@@H]2C1,-0.06750417500734329,0.6107441782951355
CC1(C)CC[C@]2(CC(=O)NC(Cc3cnc[nH]3)C(=O)O)CC[C@]4(C)C(=CC[C@@H]5[C@@]6(C)CC[C@H](O)C(C)(C)[C@@H]6CC[C@@]45C)[C@@H]2C1,0.0027097370475530624,0.6067923307418823
Fc1ccc(Cl)cc1I,0.7526686787605286,1.2247201204299927
CC1(C)CC[C@]2(CC(=O)NC(CC3=CCc4ccccc34)C(=O)O)CC[C@]5(C)C(=CC[C@@H]6[C@@]7(C)CC[C@H](O)C(C)(C)[C@@H]7CC[C@@]56C)[C@@H]2C1,0.21043036878108978,0.8544370532035828
CSCCC(NC(=O)C[C@]12CCC(C)(C)C[C@H]1C3=CC[C@@H]4[C@@]5(C)CC[C@H](O)C(C)(C)[C@@H]5CC[C@@]4(C)[C@]3(C)CC2)C(=O)O,-0.10704196244478226,0.6380061507225037
CC1(C)CC[C@]2(CC(=O)NC(Cc3ccccc3Cl)C(=O)O)CC[C@]4(C)C(=CC[C@@H]5[C@@]6(C)CC[C@H](O)C(C)(C)[C@@H]6CC[C@@]45C)[C@@H]2C1,-0.0422891303896904,0.5604719519615173
CC1(C)CC[C@]2(CC(=O)NC(Cc3cccc(Cl)c3)C(=O)O)CC[C@]4(C)C(=CC[C@@H]5[C@@]6(C)CC[C@H](O)C(C)(C)[C@@H]6CC[C@@]45C)[C@@H]2C1,0.1013152226805687,0.7904354929924011
CC1(C)CC[C@]2(CC(=O)NC(Cc3ccc(Cl)cc3)C(=O)O)CC[C@]4(C)C(=CC[C@@H]5[C@@]6(C)CC[C@H](O)C(C)(C)[C@@H]6CC[C@@]45C)[C@@H]2C1,0.01586335152387619,0.6439715623855591
Fc1cc(Cl)ccc1Cl,0.4890769422054291,1.3181917667388916
CC1(C)CC[C@]2(CC(=O)NC(Cc3ccc(F)cc3)C(=O)O)CC[C@]4(C)C(=CC[C@@H]5[C@@]6(C)CC[C@H](O)C(C)(C)[C@@H]6CC[C@@]45C)[C@@H]2C1,-0.07885824143886566,0.38416022062301636
CC1(C)CC[C@]2(CC(=O)NC(Cc3ccc(cc3)[N+](=O)[O-])C(=O)O)CC[C@]4(C)C(=CC[C@@H]5[C@@]6(C)CC[C@H](O)C(C)(C)[C@@H]6CC[C@@]45C)[C@@H]2C1,-0.00920090638101101,0.603529155254364
CC1(C)CC[C@@]2(CC[C@]3(C)C(=CC[C@@H]4[C@@]5(C)CC[C@H](O)C(C)(C)[C@@H]5CC[C@@]34C)[C@@H]2C1)C(=O)OCCC(=O)O,-0.06344659626483917,0.8664413094520569
CC1(C)CC[C@@]2(CC[C@]3(C)C(=CC[C@@H]4[C@@]5(C)CC[C@H](O)C(C)(C)[C@@H]5CC[C@@]34C)[C@@H]2C1)C(=O)OCCCCC(=O)O,-0.06898994743824005,0.8855476975440979
CC1(C)CC[C@@]2(CC[C@]3(C)C(=CC[C@@H]4[C@@]5(C)CC[C@H](O)C(C)(C)[C@@H]5CC[C@@]34C)[C@@H]2C1)C(=O)OCCCCCCC(=O)O,-0.11714480072259903,0.8306917548179626
COc1ccccc1NC(=O)c2ccccc2N,1.042360544204712,0.35000598430633545
CC1(C)CC[C@@]2(CC[C@]3(C)C(=CC[C@@H]4[C@@]5(C)CC[C@H](O)C(C)(C)[C@@H]5CC[C@@]34C)[C@@H]2C1)C(=O)OCCCCCCCCC(=O)O,-0.1329135298728943,0.7483608722686768
CC1(C)CC[C@@]2(CC[C@]3(C)C(=CC[C@@H]4[C@@]5(C)CC[C@H](O)C(C)(C)[C@@H]5CC[C@@]34C)[C@@H]2C1)C(=O)OCCCCCCCCCCC(=O)O,-0.07496602833271027,0.9081356525421143
CC1(C)CC[C@@]2(CC[C@]3(C)C(=CC[C@@H]4[C@@]5(C)CC[C@H](O)C(C)(C)[C@@H]5CC[C@@]34C)[C@@H]2C1)C(=O)NC(Cc6ccccc6)C(=O)O,-0.07540357857942581,0.4531337320804596
CC1(C)CC[C@@]2(CC[C@]3(C)C(=CC[C@@H]4[C@@]5(C)CC[C@H](O)C(C)(C)[C@@H]5CC[C@@]34C)[C@@H]2C1)C(=O)NC(CCC(=O)O)C(=O)O,-0.1371898204088211,0.5414218902587891
CC1=C(C(NC(=S)N1)c2cccc(c2)[N+](=O)[O-])C(=O)N(CCCl)CCCl,0.40172433853149414,0.5912483334541321
Fc1cc(Cl)ccc1Br,0.7091594338417053,1.3490891456604004
CN(C)c1ccc(cc1)C2NC(=O)NC(=C2C(=O)Nc3ccc(NC(=O)C)cc3)C,0.7742965817451477,0.4007861316204071
CN(C)c1ccc(cc1)C2NC(=O)NC(=C2C(=O)NNC(=O)c3ccccc3O)C,0.6682640314102173,0.2824598550796509
CN(C)c1ccc(cc1)C2NC(=S)NC(=C2C(=O)NNC(=O)c3ccccc3O)C,0.5474992990493774,0.5774930119514465
CC1=C(C(NC(=O)N1)c2cccc(c2)[N+](=O)[O-])C(=O)NNC(=O)c3ccccc3O,0.6034508943557739,0.4287254512310028
CC1=C(C(NC(=S)N1)c2cccc(c2)[N+](=O)[O-])C(=O)NNC(=O)c3ccccc3O,0.620371401309967,0.6471090912818909
COc1cc(cc(OC)c1OC)C2NC(=S)NC(=C2C(=O)NNC(=O)c3ccccc3O)C,0.6392021775245667,0.4026942849159241
C\C=C\C(=O)NNC(=O)C1=C(C)NC(=S)NC1c2cccc(c2)[N+](=O)[O-],0.6171653270721436,0.6407543420791626
CC1=C(C(NC(=S)N1)c2cccc(c2)[N+](=O)[O-])C(=O)N(CCO)CCO,0.593110978603363,0.35769304633140564
CCCCN(CCCC)C(=O)c1ccccc1N,0.8426722288131714,1.0866302251815796
Nc1ccccc1C(=O)Nc2ccc3ccccc3c2,0.9408319592475891,0.9506722092628479
Nc1ccccc1C(=O)Oc2cccc3cccnc23,0.40927547216415405,1.0584886074066162
CC(C)COC(=O)c1ccccc1N,0.5633713603019714,1.2490348815917969
CCCCCCCOC(=O)c1ccccc1N,1.036655068397522,0.7603004574775696
CC(C)CCOC(=O)c1ccccc1N,0.6239219903945923,1.2075552940368652